,control_normal,test_effect_normal,test_no_effect,test_uniform,test_exponential
0,1.2812488368265127,9.194566917465274,-0.14585664057475514,0.5834619366673675,0.7592263755521177
1,1.2577603214406465,11.039102498128607,-0.3850917505335203,0.36019040646820155,1.353617662085572
2,1.9982527091463997,10.968988694214852,1.0903262802921276,0.28306724217252166,1.6585313547927798
3,0.8113973743223659,10.087062989264803,-0.32132423587847353,0.16861629455390248,1.077160520869342
4,1.555361552142714,8.724196365258779,-0.7220006134141063,0.0564257267201822,2.3098811405096775
5,1.1514369140569471,11.217499614626503,-0.851015789002345,0.15671842065679897,0.11348918665464422
6,-2.034508517808395,11.178890881535537,-1.0199726648516017,0.52979051579891,1.2670753666080024
7,0.38658019465404897,12.432549940226073,0.28512261653165966,0.9394921409180629,0.4319825178870755
8,-1.188906426131985,8.998039981655007,0.6240931602409464,0.9092835248176403,0.0820533593443703
9,-0.8972550287910273,9.373856388651573,-0.4679153243890716,0.5330470033080965,3.7307353146562106
10,0.18490620231834184,11.549135038291947,-0.6841077020665954,0.3439606507254964,0.5355504748684701
11,0.03454871620434693,8.882182526162953,-0.2855217111964064,0.5858666683004599,1.0509548657983516
12,0.7482285535435751,10.119931535693667,1.675416509393936,0.6167755746955579,0.9175388848221403
13,1.097673256665794,8.78113304331413,-1.1348120543092421,0.8308542905567348,4.465739181093082
14,-0.6405701377411654,8.733406029393821,-1.4334548000919816,0.7623443485614374,0.5848532327841615
15,0.3074438239989053,8.976398899429277,0.002208896066742789,0.4325314495432382,0.12644332496646912
16,-0.40873622220809624,11.084987759076023,1.7506619937054457,0.49671155615570683,0.7099770086870847
17,0.6131868852105234,8.534470989049325,1.1791065611886187,0.6312224818183467,1.756928966092813
18,-0.21986304777691396,10.612347510257658,0.5855081844132923,0.6674964674711942,0.38878960159155646
19,-0.6353544619333629,11.452033871361671,-1.3114810551471225,0.5661216374772445,0.39141390371700346
20,-2.802684434521314,12.061137461108673,-1.382812380707003,0.4490347980795867,0.04034404213572329
21,0.5885857495133178,9.230921796807564,0.05502846765003794,0.5542851427492756,1.346033422796869
22,-0.11547651354662582,9.805230016682255,0.04030254316892261,0.8096997358025123,0.41573787636627857
23,-1.867879377203175,10.659123172435233,-0.23273558038039635,0.7466684295337268,0.760451403828006
24,-0.6867760341213296,9.37445232967608,-0.10578497952346645,0.19734298613718548,0.43984657158945295
25,-0.9193211759426034,10.135693256938957,-1.5382492978062272,0.22665426387399612,0.9195541322430232
26,-1.3418945824821602,8.624453612895202,0.475072204828784,0.8336055558918889,0.5612054275738314
27,-0.24894024310342627,8.997281711861845,-1.2026937141609861,0.6101636286981813,0.5107863223879325
28,1.0407043893635357,9.958432481168751,-0.32888377328427865,0.5361096700220236,1.3567290642838752
29,-0.8341532498016243,10.233587499404644,-0.18564868961085662,0.23247385522150976,0.010843934934235357
30,0.2239532488011215,10.204034370910012,-0.29692265858656347,0.09073080459038341,0.8240564522844502
31,-0.5383871750277555,6.9332427053713435,1.3152099579931182,0.48782670931731786,0.17059033630345102
32,-0.5690267750684423,8.539468839698868,0.5684296096971492,0.3373637403775779,0.0640578915367717
33,0.1703067079818413,9.905705703960201,-0.12746757590665567,0.7656800903304019,0.5556625181794714
34,-0.15488090293161783,9.878885152431744,1.850299072621084,0.8724898910504212,0.002239174666033594
35,0.8494695823610812,11.883317148713111,-1.0469945292010454,0.555999655890704,1.678533881680169
36,-0.9069282636884535,9.322014564911669,-0.9259581997142536,0.5560521566852774,0.4640937380524232
37,-0.8483233153646365,10.60453597045683,0.2691385860656988,0.18372591626776702,0.43805874445335286
38,0.9399898995002941,12.4245337428734,0.09387033926416527,0.8643854802381737,2.5440061676574093
39,-1.0303524375276327,9.811567173164228,0.42174747529592904,0.38317430118692586,0.34780506180294973
40,-0.9133546445445937,10.779554488922047,0.6554388440895157,0.0072093686746684815,0.4026955806771589
41,2.0984100668173076,10.938815199156739,0.4786853933121396,0.22086155303136212,0.4699260683608345
42,0.9481465800541088,11.238080646923114,0.7794230790855702,0.1786563261276376,0.6870907559924185
43,0.3470324306086613,10.049077404133003,0.7374445687553146,0.27062107760533005,0.3496048302576447
44,0.412175961684857,9.817995227390815,-0.7954296859964143,0.9603276540280823,0.9406726390013819
45,0.20831310569416445,10.11772753038452,-0.6699977549357614,0.7881994177931249,0.11411566653497317
46,-0.1350138238872689,10.083555551765935,1.4125595472207193,0.6875095477199332,0.3483606604640332
47,0.766529594315612,11.149216195112107,-0.7298675435568555,0.2691714769635918,0.49878234710054487
48,-0.5296695298934604,8.717668168384415,-1.298379590764901,0.7367457467478639,0.4028928947879947
49,-0.0017151036273028708,10.647651582325016,-1.5019080666606477,0.5578880500319293,0.45232762055742126
50,2.7529363693253703,10.638034588699341,1.5771759257011513,0.9573947511493758,0.7405720098086309
51,-0.053270205311950654,8.744781566405006,-2.4969865694040823,0.07114368438004581,0.2341413841466458
52,0.941458758013807,11.503522580746273,0.9684272150438646,0.8881319214627778,1.2518592433400624
53,-0.7158298818914414,10.368527463412091,1.9386079105962912,0.38098613128309267,0.007218531980850746
54,-0.7320127637496039,9.29165083055508,-0.5840803727732168,0.18690060449963386,0.46819666141158345
55,2.1001590364760094,10.735349420302644,-0.7597289079228169,0.49812152370572726,0.615107193211201
56,2.6376326367026346,10.073163471387025,1.048893650392743,0.3289973616228784,1.4425364135086922
57,0.54922618611052,9.221596848859798,-0.8407995383520029,0.11480025096037993,3.684974796555379
58,0.2670665941961387,9.414392416655563,-0.33633388945784976,0.15465196997493103,1.4817242688590018
59,-0.1781304878616935,11.117541699257586,0.3433924244553019,0.5155675240951967,0.9912940391788978
60,0.7132203165819161,9.91114923906091,1.7879186688974393,0.6302487795242477,0.3273887151492771
61,0.877314475201135,9.733018953796599,-0.7008639569369801,0.7451496507476826,0.4127482782618109
62,0.534703700008722,10.341718948977295,0.6233100937770581,0.057686553237609295,0.22880002092137397
63,1.1307597446971014,9.352616115697241,-1.2866953574782893,0.4574370270123008,1.4642288480465278
64,-0.27867495707968126,10.606538874260382,-0.419775054293818,0.38477622401509715,3.387640806410444
65,0.26717407432816187,10.44467166621374,0.3783730823192432,0.6136824469776492,1.2695734314157683
66,-1.2345574873341192,9.889851141061635,2.719835712941644,0.39154670114208123,2.9790248282977387
67,0.8881177571143106,9.135062050170202,0.6955415738622245,0.5196957479077564,0.1855235425836573
68,-1.8946309357939868,10.598062286567792,-1.0979057660226026,0.16211016585825877,0.4487461103673579
69,1.403337450977323,11.78465501859007,-1.3861803956306833,0.7907077317299174,0.23281681584841918
70,0.7634304534028478,8.85537753509947,-1.8602097429853781,0.24847229866131593,0.4980781978574031
71,-0.9022747263021724,10.253907904426516,-0.11276731376411152,0.6413428730388196,0.8932904816712756
72,-1.067221631333207,11.646832153733978,-1.9489332157503612,0.5623663867982034,0.5360226200252627
73,2.125974531492236,9.872266632402916,0.1279319907643419,0.31392800148194566,0.3193074437944904
74,0.5371334661186273,9.132299124063266,-0.1342516141839804,0.9819460775171006,1.0296997156210304
75,-0.855079735071016,9.3862977523112,-1.5441792089540376,0.31790530127602523,0.27218198813371947
76,0.9630734300756647,7.646409252622164,1.0619326381567495,0.2235032434253562,2.3502307559636746
77,0.06130587157597119,8.885418848078624,3.0516624919388526,0.49628306946637957,1.6165235669847808
78,0.5948783302944369,8.563460106494764,-1.0601110236698068,0.642041025441925,0.13904287721575115
79,-0.28863298142946997,9.602812800767326,-0.07446029353999323,0.09072556572854118,0.38739034073092016
80,1.774100996191163,9.994643627507688,1.1290609656801138,0.7036453854961723,0.0983004915769059
81,-1.7309210908627757,10.561158702794641,0.7526359090554925,0.46243616826732536,0.7617551318820348
82,0.7823048233702276,9.77304744644481,-0.045656566035964075,0.1654071335675884,1.2690191337939514
83,-0.6346261484159185,10.84438378694294,-0.3497394621231981,0.17201097388957776,0.615177090511116
84,1.3034114338082792,9.1332808431166,-1.2835493776129436,0.2270603895670803,0.6044625055788937
85,1.2933841521031493,9.969391221682798,-1.177767304515001,0.686691716728706,0.6391193230478381
86,0.3567172122235685,11.086090996481119,-0.007139225559231235,0.8596237983998805,1.4462064548973736
87,-0.4497433609409202,9.64466825477941,0.1125704487658319,0.8092598563639893,1.9812794661844029
88,0.2617363655733249,8.864930053386727,0.8312022235044085,0.841125933388835,0.2630076422584161
89,-0.4145442136646027,10.124763350840473,-1.5546249343135699,0.3049247929637041,0.8479814593569014
90,-1.0211592140371422,9.847684743366559,-0.08295465334067481,0.03311783617372199,0.43228460661292817
91,-0.32933872655279345,10.999645664694432,-1.1729784398672678,0.9359001346935887,2.2693821810026265
92,-1.107972962728431,10.918626004891468,1.2089501424089573,0.023652506543445195,2.266046269727283
93,-0.0363181914936991,9.367119384809627,0.38488036792834274,0.9500254154123636,0.9960691135691377
94,-1.5101475741581076,11.675189862557476,-0.5056961010922716,0.678399076384407,0.4193724682556258
95,-0.02134090774036205,9.604307515365079,-0.3879566104461632,0.005018813987119564,0.5508653537985542
96,-0.23552417992778388,8.397716864979886,0.5484590178409977,0.7784874061179313,2.317569440770292
97,-0.8706153532705164,9.265666606296001,0.5918078197905953,0.885929279377794,0.053050319786011955
98,1.0540882950638744,10.571350017221658,-1.1737439591413399,0.8107535224771845,0.23265421303108952
99,0.6348045766410323,8.588011151312754,-1.3870678664123814,0.7882240101203478,0.11585599772586243
100,0.8007595899571062,10.021982280171363,0.5800016788535475,0.5459491007622,0.25653171388231794
101,-2.6039340261643513,9.786796506974953,-1.2862320839867147,0.9215606771286262,2.930213982373749
102,-1.2569919820750277,9.375203373410708,1.1684198544183517,0.8787447294195673,0.5796519355407695
103,1.9348826427725174,10.130856940218338,1.0678745411851427,0.0731175084014496,1.8255087471651474
104,0.25683309617399974,11.44720900245696,-0.17127229047253942,0.8363900850596658,2.9373920852852087
105,1.3069135428344754,10.23925998836155,0.7442151960529854,0.9189951070168265,1.1062529120142952
106,0.48961325677399625,9.00747179958106,-1.68229163724226,0.9635774746704384,7.212548358030381
107,0.29532163239651704,11.479893434268511,-1.4851865281126237,0.14276428428707122,0.10669748526457336
108,0.2035011721433322,9.455054053371484,-0.4024770010050781,0.5149969781232234,0.9210042272831211
109,2.170081613858944,9.815868077100248,0.49759442856630737,0.6066437296499073,1.4063923401637735
110,-0.1884549407862334,10.445466124869021,0.3794332554064099,0.5692355440764602,2.3586131539574366
111,-0.8021545087430888,8.676305566303846,-0.17049657139203608,0.7741539690022,2.4664769452868707
112,-1.7141719493913528,9.701469303712349,-0.6820214991499123,0.2185201226167547,0.2902990533952202
113,0.3708146352279864,9.10155670163197,-1.5847189860109037,0.8565572167763519,0.39134236177716963
114,0.2594595720433926,9.880913947076152,0.6103636917182296,0.2220901842913463,1.4742743028834076
115,-0.31438260513749916,9.514082736031183,2.5149212266762664,0.07620152116347834,0.7659132592781966
116,0.5937645862231667,9.505791282006106,-0.297978923447137,0.1278656210654514,0.11374081114309663
117,-1.1007844153840929,10.199926423026476,-1.075773546094229,0.8853292157951218,0.3055161663988439
118,-2.351071594193515,9.544862276190042,-1.4871414471792233,0.5665416976289,0.15223883172777794
119,-0.779496250357216,10.919336871491815,-0.6340765895759066,0.1520336006714872,0.040723775035305484
120,1.1221401166151341,9.130773342935834,0.014818080821921785,0.6408326252100416,0.12586370263708468
121,0.279001795559624,10.604356468070876,0.021492625785270687,0.7317111173347306,0.06968625572735816
122,-1.2323371153791252,10.586471819459991,-0.3023854323207289,0.4370304823344009,1.3455414010562685
123,-1.0175105383762824,8.436478869012582,-0.7299440316915425,0.08078792440880511,1.9243325760663461
124,0.5108329225854504,11.427970253733179,-0.7008434070618993,0.39321650692609933,0.16638002488555603
125,0.8010279175809624,10.949997245480334,-0.45212331224101904,0.7394513066829659,1.8759840760243398
126,-0.48436522184194686,8.948995822831696,1.1791010572438145,0.9762248051729604,0.45041717178976054
127,-1.418596347159601,9.130212782046742,0.6847026429438349,0.8730373662240277,0.852068868724588
128,-0.3854334482360397,9.092165074237135,0.6632986039179775,0.950294871250384,1.9988939611794312
129,-0.8230046797406609,10.016951225846663,0.4145202947214456,0.6748976168433496,0.7062491428627183
130,-1.6944075144472985,10.013196192472634,0.0023863787275508566,0.35294334416785,1.1655224382546279
131,-0.979454289999467,9.299976774053334,-0.6055820468090878,0.3415755533564715,1.3345752351717317
132,1.1603104453428146,9.789091493438423,0.41495299247438183,0.41800846778123657,1.0472716711532752
133,-1.365003578524414,9.181302713911288,0.11210181211553479,0.9207222414265325,0.05264092506787325
134,-0.17221427063489717,10.75531047446977,-0.2535698680379623,0.5761655450261165,0.7730393185184713
135,-1.412182998660576,8.976583143195189,0.16108236718155738,0.9901857088245101,0.5079381519701337
136,-1.0111871451052437,7.497171081404986,1.3053988979500282,0.11533868653257384,0.03475827766267694
137,0.19048754229812,10.803600242792758,0.6266402058008261,0.9287106259827049,1.4423554181000362
138,-1.7456042282324786,10.240773039292954,1.119869356789429,0.28378802008696535,0.18971158700942503
139,-2.597025416076378,10.74931906666278,0.22831931251749962,0.713025137014396,0.2524385437003129
140,1.3681577711119306,10.649788033971243,-1.3595358464309637,0.6115814473214972,1.8839372965338852
141,0.4355308746090766,11.231167959374426,-1.4460213651975031,0.2832515714598981,0.20645086009249605
142,0.215503180101259,10.577580125389161,0.1626273626020487,0.4859565419283083,2.338271898526089
143,0.6506782883042178,10.652057239687984,0.9542527470798613,0.5626836842171776,0.6450502992169286
144,-2.0473182206804075,10.780155115792363,-0.9271220847780728,0.28566687918311984,0.3270293988369212
145,-0.8584522073054286,10.493644171879959,0.8119329088574877,0.717337456098851,0.22112519489320673
146,0.9115499505615803,9.633733231003523,2.190130077123008,0.058919856880502275,0.10482344378786548
147,-2.546743128829618,8.399907158223224,-0.17386898355949448,0.299620521540357,6.9779027658892865
148,-1.0229477430438918,9.401749194233323,0.15751250094334485,0.8413116142180668,0.1921971592623256
149,-1.336823420804046,11.783056659352495,-0.5029842856546309,0.60170953021381,0.808824395996676
150,0.8111784945286163,10.378952261486104,0.7397265134021593,0.1536735454668322,0.16744603922851706
151,0.9010613108506491,9.770898251887283,0.6828936388295046,0.2781833127447062,1.5289218382947865
152,0.7389270212331112,9.332838241660141,-2.082160704958569,0.6688703246261364,0.0951122846229019
153,0.3573463347513596,10.56337463164775,2.4900005042709417,0.6856970475748632,0.08602983227546046
154,-1.0388189674888717,10.362456607720489,-0.5639229247839328,0.01353025709139788,0.5624212834433757
155,-0.20361081579372045,8.430342562809981,-0.49952469338169203,0.6239269952362217,0.2685323659075464
156,-0.1256632257290247,8.889993234087433,1.6602788465757554,0.984733070067682,0.09095523769103542
157,0.12270328312831005,10.718783035698403,-0.6239967306789915,0.34377487497569925,0.7516339622000624
158,-0.008898972205267613,10.79740138449872,0.3300496697382321,0.5420273153839632,2.016839515463247
159,-0.10681998765800409,10.383725271294193,-0.26117766097237877,0.4372937202931497,0.16656255160352923
160,1.2887435883868101,8.807743186325997,2.2096441319947955,0.8920640907840487,1.217686220035317
161,0.8151779238675881,9.660885103466747,-0.08818602328849245,0.7628711208355313,1.3731384942264144
162,0.06599563288662343,9.229761172074465,-0.27750116940566055,0.703554859726269,1.0008824864826507
163,1.4777430735150001,10.912254096608962,-0.401358313899892,0.22799385771730374,0.0759362101590978
164,0.15245922613351584,8.086810455824075,-0.06992466612575332,0.542590993654863,0.08393508376917835
165,-1.2248851554397697,10.82735077994691,1.266468528702874,0.18743245663124053,0.1963030740184199
166,-0.34857608337731766,9.680003878232087,-0.7229258386017667,0.43283030092732233,0.9917617262649238
167,0.4571348076089316,9.55764857996081,-0.7908962572848216,0.36422446750838045,1.0963752737957075
168,-0.11533810033894877,11.019133460300877,-0.24421865965588888,0.24559117563371569,0.12687924162270195
169,0.9196868122545039,9.965494901448025,0.4788228606159999,0.7929490881100858,1.684939514981709
170,1.171591289152489,8.714213234101143,0.7679703899763197,0.018879013396002065,2.4772398729422638
171,-0.20587298705817178,9.548734051893499,-1.0206089155556597,0.1974274936785898,1.694875743973338
172,-1.5237966221414445,11.231407119681103,-0.6802477713270473,0.7175422395597543,0.2065276808239721
173,1.287102062652288,12.097442792303774,-0.7262385523359146,0.28659199165563354,0.4234753528374641
174,-1.158206047198584,11.17329641997548,-0.09636240625575712,0.4146644479786178,0.10823058756681472
175,2.5619173285673957,8.16622693479906,0.3390556831963424,0.8040542908667717,1.3292306762172041
176,1.9707962233376477,9.598083839123202,1.1137159237090406,0.2469001950648203,0.8973345485839989
177,0.7956774757547864,8.637788986971191,0.5237074243511942,0.10142417685136207,1.4259722715746006
178,1.3626002046944867,9.664187527017587,0.7237880257965532,0.13109569392637732,0.28912185751408986
179,1.1626140900310924,10.912112244888018,0.4459126363069466,0.26418110355608426,0.7578034721748984
180,0.37362046004081534,9.672212747077472,1.6708400747501295,0.5667575389180497,0.49922733829972366
181,0.05755193558729914,10.372774821319261,0.6093651712099861,0.806875406950985,0.6926412259243427
182,-1.0339032551857692,10.933833012251357,-2.2783755743061125,0.0010441329019545975,0.03576362862929076
183,0.1671594548634741,10.315386680838266,-0.9221550057507467,0.1736968909775598,3.0834016904999593
184,0.5547842117828533,10.065858416796432,-0.7403762977389863,0.5839816658957577,0.7815305437592217
185,0.21324191942117723,8.250530979919255,-0.4075044255377009,0.1289063508556193,6.178620218809151
186,0.35965326583897733,10.545758617064168,0.09986018872665643,0.7458102530596434,0.5404072290494067
187,1.6795839182621233,9.03056596998017,-0.7961773259008017,0.4240965483504492,0.28308762906810947
188,-1.240020669054354,8.90386451731712,-0.012419809364653528,0.24849006716767685,0.14798843405520287
189,-1.2418006549350353,8.397323310357079,1.4473233287117282,0.9149643909901818,0.5981407649880743
190,-0.4526793647941776,9.32144611264703,0.28391617862295987,0.03572253708931372,1.2593487923726316
191,-1.4919182663148742,10.096878974639122,0.44655122323416807,0.9883817566807288,0.6045625736848458
192,1.4550398470781953,10.074563569973044,1.0263657450106065,0.6980996400638332,0.4585741547259168
193,-1.2502043772951243,11.10734758544461,-0.19647761912766404,0.637985206431815,1.5967823748284038
194,-0.2993842866383647,7.931834610539443,0.7469932296207861,0.6869891804705393,2.8777621832051032
195,-0.09335018963191659,9.273281394842408,0.922716629742981,0.5551455233967079,0.22807548417296963
196,-1.2120283538578662,10.056663270162328,-0.572678515041764,0.11773944678899306,0.4888289156698905
197,-0.17299205090628672,12.464564669895719,0.6726614055873907,0.6872908882630534,0.25871461459763057
198,1.3601438054630546,10.45055649042671,0.07532329329489369,0.5285446061649253,1.6287051714794056
199,1.9036748611324614,11.98231005611223,0.9203666077664928,0.9652534260098239,0.2737056139764846
200,-1.3656801676943802,7.907485926242762,-0.8037287195950481,0.7653977503222141,2.9575206331389485
201,-0.9540129256064239,9.60537468171554,0.423620825093103,0.11278101316558087,0.3625699136478725
202,-1.8907786763681556,10.402834240676082,0.47413774633378836,0.8219034317006606,0.43597658598798633
203,-0.39418067698513637,10.33387670520831,0.29545568319720084,0.4206519195380021,1.5076233808114996
204,-0.5299359835847102,11.060424510227513,-0.6346794840144595,0.2946351269707881,2.5949672195825637
205,0.29880442008482083,10.212533837156295,1.257193769662144,0.2983599665401049,1.828085312478553
206,0.7578362099072281,9.850106558433673,-0.23414306448454256,0.7640931980609693,0.7402670645324871
207,-0.47348335793521057,8.956778516412403,-0.707188144219526,0.7234081795341938,0.9530307552146295
208,2.74770557339427,9.954792899604836,-1.3364691741069048,0.1638388728059602,0.2434320559162568
209,0.2588440782800641,10.833629687021881,-0.5427604277282536,0.5954008764246894,2.5427461366747366
210,0.37547885766209754,10.049916948665949,-2.613218054947486,0.04820982204526214,0.16850169369356396
211,-0.6042535725368761,10.199432155646743,0.7042651936897362,0.6612656055923042,3.0603832128379858
212,-0.7859129257197092,11.234383242672783,0.5629453496854288,0.5564022182100005,0.806349796696457
213,2.607312730749091,11.747873618935746,0.262887236099757,0.8318857150969357,0.6801766126072291
214,-0.8068935397490474,11.4160360463687,-0.2337002027188625,0.8697486815981993,1.6548598926512128
215,-0.8211523243266994,13.15720129592582,0.9980790308182456,0.3527773838706555,5.875839758303208
216,-0.793927311239609,10.733299080571525,1.0257208211444675,0.18225774378724569,0.29980491657379615
217,0.7728916939887462,7.928283350126479,0.3890828095030199,0.6918948722064953,0.30190753406698045
218,-1.3098829462306936,10.323080211732702,0.5666829177948451,0.02030157134895605,1.769210824340688
219,-0.15191256521971988,9.249505371172278,2.3789790788986585,0.27263300389511413,0.1316122120525192
220,-1.6309850729629822,10.199949081249695,-0.06398691758066077,0.40792401839855896,0.5468431320145577
221,0.3673697332690092,9.99539596265393,-0.44479874598107794,0.023376779164475114,0.041359355826468644
222,-0.39262371021108305,11.557598227091884,0.6046592160058143,0.8136874938918572,0.598359687455176
223,0.09768036981869888,10.654872338255899,-0.7273074434532179,0.22116453391089141,1.5081107449693874
224,-0.058381369151606514,10.511203859816732,0.4739468954103925,0.7192280273239259,1.9931305964899706
225,1.733097708701862,10.238871843436952,-0.2525491296554167,0.5755625687370269,3.9768674627618923
226,0.11485507728343074,8.64472175994671,-1.119935212203872,0.8454661595985501,1.918127847693553
227,-0.5969359672704966,10.698536451681218,-0.2223765791004629,0.030498985097057507,0.13421232504561095
228,-0.8713409427278959,9.272838986371113,0.3570171734796644,0.4219284386420611,0.6521311276979749
229,0.3619625509028117,10.630323027785131,0.6809318226176412,0.48639406818489694,1.2165943005720594
230,0.47723238790355815,9.389886684774122,0.24108785502425703,0.01217207704764045,0.8082022356432582
231,1.61478730845356,9.628031757707207,0.007316027967947205,0.5068482843034964,0.2257847433134728
232,-1.8143440212727244,10.781899052420213,1.3871015122423176,0.8642691900734708,1.7634830746208199
233,-0.9336187749778523,9.900971417972942,-0.35873163653683304,0.5773862626852061,0.011266429040503102
234,0.6307565211337254,11.74386482053041,-1.1161549646965678,0.6708984118927321,1.0054114187714749
235,1.9203559105866745,9.786979837764646,1.2762248713247744,0.33946596039940036,0.03599843953943448
236,0.6159829857966667,9.632103646200097,0.304279899468716,0.04345125733538302,2.7471211679279084
237,1.2634975805787731,9.484219639196592,0.31734268925536774,0.853022562029558,0.9583681082854039
238,-0.6383259016183658,10.325533956276901,-0.5536117456582426,0.5262906214999382,0.026677877229444733
239,-0.6330397941585538,8.197348978672181,0.12693365183030403,0.42104676236173755,0.2386081633621432
240,-0.5712356681270216,7.919653151462786,0.06568182204997738,0.9040352289876419,0.05325144742271984
241,-0.0403857268712031,8.985713283462262,0.6121688895406968,0.5756326067496662,0.7006414170835357
242,-0.6368866681605378,11.310160820826086,-2.2621377354572845,0.05855942611581766,1.6658694910696439
243,0.7823864494589683,10.894749883244257,1.1190015172948893,0.15364238759453808,0.8756959868460932
244,-1.1628160405010617,8.567142837516432,-0.201887897590839,0.41904982832008353,0.6334835437783012
245,1.5139067282836052,10.474492951338352,0.9517284124408968,0.03781842186261963,1.0305969144910556
246,0.6787923142986071,8.904352288891818,1.1023244004759778,0.08278094249069212,0.17202256674885305
247,-1.3378417026037857,9.08002102805659,1.522338525318604,0.43241700217621093,0.45989507284871534
248,-0.06971972690074577,10.37497780831942,-0.6637550073671934,0.44121826792804664,0.7132779182417874
249,0.8556014843572981,11.56841818639796,0.4358856154534654,0.5702946878559577,1.200340826147216
250,0.06196657446113998,10.904189946769016,-1.5327411606712995,0.5414945031246142,0.7424341065514535
251,-0.9221782629848138,9.324237682135317,-1.143386669815284,0.12029490563637635,1.7416582088855812
252,-0.8305038155415237,8.852875118122189,0.2241020713843833,0.4995490314313894,0.5068580004262899
253,0.649698727229061,9.812851288247275,1.7064042221856854,0.9246641648612439,1.0931733132088155
254,-0.43073587170636024,9.211153821185038,1.4441798933672887,0.693657778918305,1.7143681696322166
255,0.39396297966192645,9.99399254590892,-1.8538705884406057,0.774343269118773,1.142154296154486
256,0.09463012440233091,7.531530843725713,0.7488456188323664,0.2788331692103223,0.03845364261092151
257,-1.6501210323854179,9.759302347751987,1.3925415134710908,0.16597174707215434,1.700100378441931
258,-0.43242679062005734,9.611064881075839,0.33498066257977366,0.8220690523714834,0.9379616403255367
259,-0.5902659422199147,8.791403501995202,-0.7952574736366762,0.6873657339121119,0.08605724599051184
260,-0.14257956609613878,9.048465096446288,-0.2901197961472497,0.5266069133460825,2.2177300103252735
261,0.4044877767499319,9.076952535282436,-0.3938698350313442,0.2476707678959088,0.1412123608121703
262,0.14099468645273702,8.91089595480748,1.779870422244713,0.20092989970296482,1.0682366641260617
263,0.7128293549917961,9.635048846789278,-0.3402770714451352,0.18905618387861667,0.12418930494300977
264,-0.11906266253390918,11.348421475556522,1.7849050899549825,0.8249600086503878,1.9472466727017477
265,-0.026362153415874817,11.48157023178854,0.5069049934493027,0.6126246093812624,0.18744604824017788
266,1.0845566992746516,9.901107431699097,-0.3482631276369479,0.7798403469505488,0.27072936188275654
267,0.02904328685333695,11.07720738351802,1.404694373599413,0.4394197238409794,0.8900157725854344
268,-0.9529930646545346,8.068967077087121,-1.3569624852083777,0.009171195090935003,0.019764984907887615
269,1.1939245288226872,11.500143971732834,-0.18190945303494974,0.6655408476866137,1.119536515258833
270,-0.1390982664732944,10.372028220001383,0.8640256845677786,0.14409119956696015,1.6255874462374325
271,0.41687591499758647,8.610569073009168,-0.028432591036561764,0.6149650432777776,0.3465109422386414
272,-0.306118383900064,10.73288504378601,1.206346902138481,0.22486648020795108,0.7847636770511842
273,0.538978543126584,11.735707313393721,1.4376615877336514,0.84203151165469,0.5319389140405743
274,-0.63689697068547,9.566167834716483,0.2957474682514358,0.4508138711561327,0.6426145932128724
275,0.7745924481601898,10.084796023452581,0.13659622969784985,0.4277473287439504,1.4696242081294772
276,1.3547971963359826,8.849417420391852,0.766139433575187,0.38833444683217755,2.5727432604574756
277,0.7221423151951838,8.814432716496565,0.8208956103595025,0.014636779313434656,0.09466136299866423
278,-1.5261203179743925,11.615578790729776,-0.09784164573022394,0.6816746199797353,3.4148500750927595
279,-0.24908912482744425,8.666892798630766,0.1821887560197083,0.6840223011142458,0.010488887996927179
280,-0.40796722197671303,9.207975596188941,1.0016903074334258,0.2876787078547174,2.1982747571867236
281,-0.5135986063482227,9.2580162852616,1.928537925310828,0.9473312352418111,0.5899006637253674
282,-0.9204514476088036,12.008994160752923,-1.2422370847869337,0.2255805809175664,0.4857517154354081
283,-0.5473743852583447,9.539341340418616,-1.2426362843274996,0.7898224151318658,0.10110007411684623
284,0.9916034664625984,10.337816797520535,-1.129346020829648,0.857089973620271,0.5855159303176862
285,0.02724322690359267,9.830631018090061,1.092255108743234,0.7534248246006894,2.726884409680102
286,0.9576359742028158,9.222648264881482,0.9843989644749537,0.7248117117958108,3.3593299418514886
287,-0.7315612215278022,8.890461739249776,0.3813731173006249,0.21312395394863703,0.5152394599389614
288,-1.5389301126440524,8.063797066785398,0.4077672324516469,0.9552198210786383,0.19327549795744187
289,-1.1019237703651017,9.707428386922837,0.02222879387946448,0.8949652450737601,1.1935350533025146
290,-0.1975156761008821,9.20951178242219,-0.5759656256859033,0.7989365980223276,0.09522262700116368
291,1.2840147620631002,11.600664958454491,1.5956312732218112,0.06265458122061962,0.7129797250906157
292,-0.55564809203718,10.841686972466627,-0.5066154383829853,0.7225382113850013,0.37613203734586753
293,0.4362202167915992,9.568170462924659,0.8205840965008931,0.9481479843759624,1.4462223972822619
294,-1.197659766170563,10.371571538723474,1.1546044135165863,0.67922888680969,0.5125100643259014
295,3.3728615241121966,11.412201880889926,0.7877769069069266,0.7633222354708091,0.2009205671807188
296,1.6034010224395852,11.615491403362903,0.4781344293652171,0.41733343051836613,2.6577709575002912
297,-0.47527964505882503,10.748195292782759,-0.05034865574511281,0.6404446457701899,1.3400874210687928
298,-0.2538037880754584,9.650147069992581,-1.6302626101028457,0.6118812310008915,0.14623103712089758
299,-0.992545966001049,7.819175927615736,0.3135681395403393,0.6281562743036765,0.20345059925577427
300,-0.5203235152951593,11.225056371377534,1.8342438530913892,0.4583450460031634,0.2172929503276049
301,-1.0738676552257436,9.32934214302815,-1.0831263616953024,0.34997293135718976,1.1534963527832645
302,-0.7489160793455396,10.927100530455736,-0.479148511707559,0.5043117443582655,0.4888800218487202
303,-0.5469656269417834,10.598453892071632,-1.037535959513068,0.6872293508812011,0.3734541646300014
304,2.2152014241604947,8.762311072646913,0.7965281636250426,0.8273429237028871,2.3694395788390956
305,0.8499331412575488,10.40361111821738,-1.3439019163670425,0.7536651824069384,0.36136382442350473
306,-2.29706332886804,11.47915900034642,-0.7882799298427245,0.8678870207442362,0.48247008470191344
307,1.2469325933072108,10.272180072185114,-0.6446302360744564,0.3761659575164754,0.7993595806125323
308,0.2489496270096289,9.521778014806733,0.44932206746939257,0.060895109410714854,0.24349493555273954
309,-0.5534536760710511,11.123425312335824,-0.3633761646513501,0.8473314845208791,0.2880884500131811
310,-1.2380012731648273,10.276462406342938,-0.16019580814185483,0.25103097783901496,0.47212120812649333
311,0.4721205236745578,9.566474690988532,-2.1206349601894323,0.04315465272248753,0.45404389041936355
312,-0.07018880239835873,10.062391317849285,-1.855764524745906,0.06300005824109134,0.5416471966670455
313,-1.004406377537845,9.504848848166583,-0.25530156463122566,0.8307314627904175,0.31327503155557973
314,-0.4129006273892175,11.080879523505294,0.38505604008461414,0.528663586587677,0.4094693477496022
315,1.3420527908378717,11.293426206957239,1.3706585332473677,0.042527999617375634,2.4605087692337424
316,-0.5543017059688304,9.551515022980839,-0.5252221602216125,0.20166330162324408,0.40165953931048587
317,0.2998873169216081,9.999581084303335,1.5688846142250337,0.36748913426684804,0.2354393399700582
318,1.290412221153415,10.789795849293482,-1.2117408157723648,0.5472415095182309,0.04259962686786672
319,0.49510811464226134,9.828839723526489,0.4771885701993676,0.37606892900907496,0.5468054550135985
320,1.2645501189348283,8.959012554910073,-1.1597076758831368,0.9033764779755609,0.09463228692597063
321,-0.43881013059952656,9.713670740566885,-0.41762287813352217,0.5581049670393311,0.868768191395586
322,-0.47080816550332977,10.333527941661867,1.7314192932433101,0.4104512648741848,0.8091939947766293
323,0.8978923940049209,11.830793998625655,0.30487264182645846,0.6110626062571822,0.5667198481026428
324,0.2355430542324473,7.906101347206349,1.0994140740296159,0.8703540449884275,0.9211104978545773
325,-1.2240208731150706,8.090069020823227,0.8999672520542727,0.5124207278643629,2.3426824086153246
326,-0.22051977895115074,10.53912654969902,0.8749843390798693,0.09206622449486335,0.030494873731371035
327,2.456336013533458,10.288617486852527,0.9033947932525979,0.1368273485427436,0.7105233961474224
328,-1.3372582903748997,9.873819397957627,0.6203210143232591,0.3051747187584106,0.5380331295778543
329,-1.1296006690346234,10.180974115211956,1.7271223605579324,0.6209850944704894,0.6758481217444312
330,0.1160473112620385,10.718243142903521,-0.5481551183142749,0.8530861480884737,0.013394423917188095
331,-0.2479488431569497,10.384133529881987,-0.5075009815486623,0.21174313242797493,0.32573458441177144
332,0.3592421366606006,10.895433410652087,-0.06673524322863954,0.7862703393371403,1.7469032213303182
333,1.2642620433494578,10.747422587773993,-0.39391085296147865,0.26228071093629934,0.3945319013069751
334,-1.3661052716415498,10.995480725092204,-0.27147560805487136,0.3773554557047981,0.2952573038895531
335,0.08055840669515807,11.540088526637028,-0.4414956601044521,0.002874837325642421,1.1900902391129957
336,0.308485206277783,8.897764073573008,1.4186316862940582,0.5722972471637906,1.209556376020714
337,1.0392289021308525,11.050125574504127,0.5639234199477271,0.6516682535123712,0.04071227707558559
338,-0.225796862901328,8.236355887371847,0.41267735673405626,0.7527607109542982,0.6963650031454368
339,-1.520060456947795,10.160736754978581,-2.0969455430631703,0.8756092921483791,1.2367934352873864
340,0.4097392342403249,9.36975078848843,1.531931650199418,0.33778378284315314,1.1208811896304351
341,1.230444594255386,9.793053020934062,-0.4595219874335685,0.29199491551084844,2.5859841006949966
342,0.2701996926265929,8.057715093085704,-2.3780143277051744,0.4043276475988594,0.16972578200446475
343,-1.9351745130785676,9.812339204047998,-0.3709452402774092,0.023933430217602747,0.5370510274290704
344,-0.17440014002664309,10.563057405939054,1.0177944312025076,0.6392742673849137,1.039078599981371
345,-0.4354470531580008,11.616315424388157,-0.20834263597360497,0.7055587183010794,2.3971321070150915
346,1.2032396982631706,10.44485252409499,0.06375961960343475,0.6922505988106725,1.244448380002442
347,0.8049484925404096,11.578327921711706,0.3313532748958581,0.9520866238289823,1.8466868531712
348,1.1100402347041907,10.368572921269859,-0.4331633444869516,0.17811538379971203,2.5833683225593185
349,1.8072952286151847,11.352642163687081,0.005283344252677996,0.7073459606702249,2.3322813520841974
350,1.1700021499017808,8.517960334472754,0.4175606033909819,0.9161005898206057,0.3097949054490841
351,2.300742306802576,10.433923005404978,-0.3911406264472776,0.3572698878058851,1.272456383227988
352,-0.9497569416003264,9.713009829958555,0.9057008863883906,0.9860884318092286,0.7097053677271591
353,-0.9432237525820769,9.899296346907464,0.42476094292269395,0.44656972390759564,0.7487135916839849
354,-0.8650187362378103,10.726209498605328,-1.9613880769699805,0.2712083374327967,0.6143186003821731
355,-1.7738604386755117,11.042053002735367,0.28914114919139994,0.5183488768322624,0.023683293871811194
356,-0.674175472858528,9.190742828950004,-1.486171208738966,0.9793136302397321,0.6364439073747951
357,1.5700995282064272,9.097392127174638,-1.238669948256181,0.8765171081752685,0.9472981040424975
358,0.5308014347575905,11.013683827820888,0.4986338860710758,0.2360249629570138,3.337947161741795
359,0.629918676305557,10.292689947110269,1.6561826440130858,0.04725867414641616,0.5661407204858014
360,0.005262732373391918,11.428433644861443,-0.14854997134498804,0.8398991664242034,0.6541653615550661
361,0.8680855692581322,9.699555221310092,-0.3556406401333627,0.15861084061806463,2.0537753572507005
362,-1.0737644665187287,10.002023327064371,1.5019103887087792,0.8060144144957488,0.4706377735451075
363,0.7468668083532624,9.530570597388827,0.17428485673834485,0.1036306852950708,0.23738581388056493
364,-0.9159207823403426,10.670084331696989,1.0111831789314847,0.4227014808419124,0.2803159190438665
365,0.05134888711394793,10.463766931800777,-1.0936912749366146,0.614569307956596,0.48427208305520314
366,-1.453046369902792,9.60203998326567,0.18223218908597588,0.13756707494609433,0.936082911757376
367,1.0084281208576844,9.4877284508684,0.16615835901009657,0.13893589337371315,2.0856390280549126
368,-0.4152138581253332,8.963718372578764,-0.5612764332192379,0.4082375194632414,0.4192293165448956
369,-0.46347567481293817,10.487066460890329,-0.24916898878957333,0.9952542113657138,0.8307117981516714
370,-2.0606807866883017,9.853965384782738,0.14014782854139293,0.7984383018849128,1.059796454764978
371,0.3709383991770458,11.203843151884412,0.4675576964680409,0.7770656145760637,0.1930066117380294
372,-1.2865525789793064,10.305037607233778,-0.11651060959909884,0.6312126927102204,1.1912811732945428
373,-0.3327217071897937,10.648032569712528,0.6087035591322683,0.6049228579366781,0.9624087369270214
374,0.42571050780418707,10.474618825449637,-0.7311367395423676,0.5081461942448765,1.6560956665411124
375,0.25198137546433347,9.811695680457243,-1.8087980192718518,0.32903139025554273,0.11376801875615772
376,0.03164448594907737,9.361088000221233,-1.170094462353124,0.49864039060852783,0.7910918137287855
377,0.783397213634476,10.168736890957975,0.7469552107866266,0.5986443528456109,0.1018123727105602
378,-0.49341029219933524,11.302338944712329,-0.995159926197304,0.9013325298884316,0.5287834342350578
379,-0.21303781260485657,9.74558149416889,0.7499945215287217,0.7593892834230499,0.15330647591946142
380,-0.8778914916460486,9.830361646940753,1.0720300658081325,0.26583374655489855,0.9635671671876846
381,-0.0810956551815465,10.84425486124961,-0.8864513002851532,0.3219632762435609,0.0378456033625352
382,0.8478236454986059,10.750345951548029,0.2116134780993762,0.0873316997128365,0.8079968597807959
383,-0.530181965614564,9.03982215301975,-0.7985486351418936,0.9638992158864814,0.2153632712229726
384,0.785719291644485,10.37251725072582,-0.7804297570034264,0.3418541375674643,0.14886202550574032
385,-0.4593480894533887,10.52191258728276,-0.15824446131941475,0.8426953163854206,0.6347908605263824
386,-0.7899671733677073,8.58929589625263,0.20190964104132403,0.5236880623378691,0.262942020102218
387,1.6346198468546669,10.760824975860327,0.7025033170953013,0.13341773379393085,0.7703353627189518
388,0.040924246291987584,11.466179056994212,1.0051194164796877,0.858273586120002,0.23504711900332345
389,2.8085640613849714,9.932644326084183,-1.450366032671315,0.31721365067006735,0.25961317360659414
390,-0.6909283052186377,8.790440219850177,1.730137157509875,0.3315543804902287,2.4985952608645183
391,-0.5392412932865408,10.321127308389237,0.4707471159059461,0.49741928317943085,0.25188552951704435
392,1.4435608912298392,9.936468401650217,0.6654842953668405,0.31969954749479146,0.0006583019772006602
393,0.7915346087987566,9.27472905256101,0.572202784829795,0.4837724101729457,0.7811557323865936
394,-0.3607021842787931,10.241246689266113,0.20842679568952174,0.14001149900240628,0.5768282175731131
395,0.31797939000136805,11.506237896968221,-0.1704120996522626,0.3084419563220653,0.7791274570198585
396,0.7236084545636916,10.551016048491736,-1.0124580738632176,0.27185557916489,2.7153330363339983
397,0.1130047243554069,10.55456307912036,1.0895390837553642,0.9797613624579494,0.47967683968593966
398,1.2512557780749245,10.8846655129399,1.0369215063261068,0.9978410288520381,0.133987486049141
399,0.47861162936924506,9.19572139265126,1.2678921062906885,0.7076128061914506,1.3124253213165569
400,0.1989502739346171,9.899568574688365,1.7855520925693604,0.09199153435752871,0.7236834563433083
401,-0.9533458752074392,9.007713155941076,-0.9954436612205516,0.18205612410134508,0.6131672559209469
402,0.7706601326046865,9.245854426184563,-0.7566247009079154,0.5466739626719728,0.15412460117126617
403,0.00945161683024137,10.06593178372979,-0.41501255354880345,0.9316860522284105,1.0394927104008074
404,-0.0968208873117004,9.56771026107283,1.0840199135478206,0.5471973448634262,0.4944995637132365
405,0.9638080873244075,10.005433462643792,0.25847488674513736,0.5090670898758537,0.5579667898447214
406,-2.358922929207622,10.406082247870302,-0.5906025688240418,0.9189656412568381,0.416848150004854
407,0.2757588938975594,9.701502264390498,0.1164974443704484,0.6314793406353881,1.994576266194408
408,2.010101296329445,9.325365732608219,-1.4112508961533674,0.7330513816878239,0.3576240834929273
409,-0.2870959751592614,11.642594141904615,0.7019116754307034,0.6146767614522884,0.3702070110685833
410,1.5804975893807944,8.781300059171757,-0.5750594866866361,0.007270456432296624,0.6730293612739798
411,-1.4805160508558695,11.220789639034235,0.9098315040597805,0.13842143454676936,0.5422068242070807
412,-0.45310013182312076,9.780632331296164,-1.9060494041415037,0.16208663674856916,1.367670623697064
413,-0.6413398059678707,9.062770146775318,-0.6230379725985753,0.7942300549091655,1.9920228960027284
414,0.2548205091304554,9.189705585515158,0.230203330777695,0.20296264685205578,0.07565266475574049
415,-0.609678583330813,10.408462762273926,1.166709088458854,0.8866333944461752,3.657174363574251
416,-0.6462589430886071,11.416161483045684,-0.6476647252589376,0.12997080095320945,0.34673516226589746
417,-0.33418815984580774,9.530502161098331,-0.5196197495541957,0.6574741546700981,0.4218108205134757
418,-2.668824974181728,8.437102697118375,-1.3047643392639325,0.1865454714544713,1.0715930284132742
419,-0.48948959016063864,9.54192826607711,-0.15057601824506553,0.7246102783363869,0.4943080151148247
420,0.21461184944341996,8.39922182609407,1.284024795053191,0.1990521535173041,0.09033483422530278
421,0.8777862862364749,11.202344452371515,-1.5501678045598593,0.7543983743792931,0.38691845312919854
422,0.8840181484933533,8.437034809629104,1.3258537682700648,0.4000857628163541,1.081238625814335
423,0.5092839916250086,9.862222280894393,-1.1323424792149548,0.5551913585292151,0.1404275439204354
424,-0.7436748298701704,10.967030751127867,0.780050395083525,0.9748961282616504,1.6457968023134366
425,-1.2335103918212607,10.947972955933116,-0.9814531996853011,0.9007047664670946,1.2478184979612716
426,0.5465935996937605,10.671298578005247,-0.8963783375468721,0.6127197111696354,0.49622552285500204
427,-0.7776325346031413,11.140294975814724,-2.3792734044930337,0.3238542534372806,0.047431464936188834
428,0.9066755275315899,10.337074659102848,0.40372920113158894,0.17166058472309742,2.7408265544270143
429,-0.9157427777418263,9.361561393946804,-0.9909847120778671,0.7413177650916354,1.2960356493312692
430,0.3942251540686231,11.738210324290774,0.0077152231704147286,0.15720309476675765,0.7211889481826499
431,-2.749196258463924,11.728780748292353,-0.9308036904244994,0.148199598260359,0.9917643814913316
432,-0.37725216075592777,11.887325610369366,0.091225960616437,0.9763843178738979,1.2637558994676699
433,0.7518880393579478,13.474544794123718,-1.4138304245726494,0.05985545113506452,0.9212544174177747
434,-1.1623364222195391,9.863654039352882,-0.26394383129638227,0.9099916076709416,1.6978221789500538
435,2.1527274666239857,8.485111790418141,-1.3226248894054917,0.12250154015428028,2.9186674044433607
436,-0.5308718611154234,11.658584024366428,-0.3165322908329744,0.280903437864889,0.38819162965887355
437,0.10260088625555645,10.650049550376998,-0.3396674147212572,0.9526557245139139,0.09725739418309873
438,0.3765549317730792,9.902682089134583,-1.4057722562499622,0.589953266788811,0.09810199095313896
439,1.6677076929733947,10.065707151228514,-1.0139462068805771,0.5397803794395447,0.7357992597542345
440,-0.5955765353095223,10.083077222248283,0.3252527433552042,0.350392080164877,3.148436472340115
441,0.7328602677376992,9.648004576311767,0.07880097303591474,0.33927318317535116,3.3105971941112324
442,0.05024034664192663,10.119744677334763,-1.075921870062085,0.34476957381707274,2.2193964192673463
443,0.3544534689412443,10.540893210554549,-0.22062317440470186,0.6626842263257972,0.04598300659901554
444,0.5925516144551296,8.920066535648083,-0.6431890510769721,0.3568427614787495,5.090627821578922
445,0.06388312966191012,8.921012890400629,-0.583465740977281,0.6747455912995423,1.0983616892088115
446,-0.3143833074506684,9.770312772243958,0.9226396723418675,0.6453297553331783,0.7100317411641556
447,-0.3546331186042606,11.69051620724354,-0.8013993576280999,0.01711625471003475,0.0206344227207403
448,-0.5593006831942101,9.147211114441538,-0.5035877047649886,0.4320681630397538,0.11604351329959038
449,0.8682790499789095,10.205348756251315,-0.10065636236398241,0.5713348799585941,0.02675555338303356
450,0.6837502499065353,9.629178227939429,0.5474810421607526,0.4694362003925352,0.03195128141005392
451,0.7800157576586557,8.60523467334492,0.35085374804709735,0.41276333224411266,0.777367669091608
452,-0.12234391979005936,9.895946092409202,-0.5640498292932106,0.6704852382992361,0.5258782175185881
453,0.7771223670853988,9.625466505446235,-0.3190860352495318,0.03055466283106234,1.0968145619549763
454,1.0101523348543877,10.254866229902545,0.4962364493454806,0.31381195958116515,0.044449438446538515
455,-2.410775305387704,10.666284189352542,-1.7150814711707623,0.6047711264230333,0.09615261227116648
456,-0.7577652888589648,10.345879208180756,0.489212077101608,0.5994914628401093,0.17851883251699543
457,1.776414086623096,10.923373551361994,0.9209853091141456,0.008189207635157514,2.567690478049636
458,-0.17984636858571626,9.315531746109542,-1.1791564564300736,0.37185256684880474,0.5623329325084444
459,1.2040939795431391,8.60150814530574,1.1537207239044434,0.09578666723493456,0.008241849741891082
460,-0.6514251548555343,10.046270346935477,-0.1857906606134671,0.4742792581557772,1.2729396585377122
461,-1.650834947589947,9.49807077284546,-1.0909876966375562,0.9854375192403416,0.8460027268592816
462,0.06749143013994549,9.429104565461326,0.30237785896975167,0.5037257105506993,1.5765491605271005
463,0.44471179973601477,9.076259924586585,-0.7610219404389607,0.12013179485114445,0.5271299364530805
464,0.12248991747555196,10.609123231586754,-0.34679000745142563,0.6640998962232332,1.2376855728032852
465,-0.17546360841621403,10.048612096757111,2.105775599305196,0.322690820184231,0.4673550005927124
466,0.9529508874900752,9.86108908723419,-0.5990145729830703,0.6812878809279856,0.2783843079053255
467,0.5310356915068071,10.201044138636131,0.4742386585072283,0.15545996391681582,0.9888432140313403
468,0.2719275374445661,9.361588467719507,-1.2853440878164155,0.6800785918704568,0.7933556041722802
469,-0.5832484417225258,9.023121603013774,1.2741044837825497,0.05986149378131278,0.08694334325394938
470,-0.16039407954888035,11.16128840679633,0.29535016356542415,0.9825929628990856,0.355751507796898
471,0.10395949300825036,10.080474093091315,0.10065916663879859,0.9738898937832922,0.03425630482506953
472,2.5184895974946784,9.896194172602852,-0.29182530007292296,0.1493980094832501,2.3420671797714374
473,-0.4648174233167295,9.893364677052782,-0.24831426567223144,0.6651911823395802,0.20415993761262874
474,0.917432501672007,10.796560721423702,0.4174287810589719,0.07266629203362074,2.5521481593777287
475,0.153295237653193,11.321513398055803,0.1702468911076594,0.8889408147158228,0.23552242419255712
476,-2.4701912099606473,9.478833722326117,1.0786726877118995,0.5213875471337379,0.31837277133881753
477,0.11958955487216352,9.927204084322723,-0.8702727766724152,0.9081007816286097,0.06223461277779727
478,-0.9707897499552094,10.359535563663174,0.0852289214413279,0.8915747748055589,0.18141042016633285
479,-0.283688929767559,10.221218913163943,0.8468031942506095,0.6254951719882258,1.1228300294904245
480,0.4250393780625555,8.67781208871981,-0.327538565049689,0.034703940093653296,0.023006091674260258
481,0.8000693320993431,9.975913029629904,-0.8437161449969753,0.2721255486584373,0.17374698429564964
482,-1.6613944019443116,9.600879011245,0.6861831773229313,0.2566780280359334,2.1657075551859206
483,0.2348082114753082,10.748502493677945,-0.23479855471012842,0.47380689211218563,0.1766119741481995
484,-0.12497316753333894,10.169137671255518,1.0367249754970058,0.5151027922467376,0.6415299233908532
485,-1.5257569340242745,9.42925017153888,-0.8338289079973,0.7158009463790856,3.2084007254762037
486,-0.04686431653670555,10.411284957857493,-1.377136863370624,0.4317711992596104,0.6078696336864514
487,0.22775628937481532,9.045794575156636,-0.0435394846988261,0.9874841177217226,0.38556312512011914
488,-1.7986775352910276,10.486846041115472,-0.19600923618623045,0.037951711971413116,0.7210781652781856
489,-0.8116886295695229,9.389163794672147,0.9289432491231002,0.5821066658997177,0.0009989901442032413
490,-1.7768317773086781,8.983047935248548,-0.6320502593495795,0.6691097179354001,0.8423804616231522
491,0.9550437026888531,11.083645674457543,-1.1788069572134268,0.14456492739853788,1.935702081427984
492,1.4995157329539481,9.336464007700737,0.4606510881420021,0.8211502664982612,0.300321769742405
493,0.14560076325460464,11.214211484148663,-0.029579787220132596,0.8632223160768954,0.7141480549268269
494,-0.8556603672286369,9.728565352999565,-0.015948823326316416,0.8756245271076802,0.7422656646261345
495,0.20245251273776854,10.225797014412864,-0.8156697669215873,0.8851524616950649,0.8566658529122797
496,-1.3767486676069356,8.124371168014266,-1.413572563115426,0.8302747112308334,0.058854158224237715
497,0.3289015440932925,9.346306041266644,0.447698188596155,0.4224496188968867,0.014539280391989243
498,-0.3665312886949707,7.402587292293792,0.6550982659109011,0.2934848362794007,0.6735488789836084
499,1.115231761191139,10.192743417964962,-0.041880654607713085,0.8538721886899548,0.08694433289378078
500,-0.2626348995358518,10.289335464173874,0.5190754687639058,0.13403476153535387,0.21004820593803794
501,-0.1111134878948692,9.550481934788785,2.1360875178094663,0.9504233096476188,0.8250693048168563
502,0.949274420638674,10.486564085082403,0.39322167842365147,0.21612798819273304,0.10494787271667184
503,-0.9251473455151107,10.88834983845203,0.1056237354022084,0.6670578973626187,2.3928674023942387
504,0.6359339174383118,10.547993732227528,-0.6238762525378891,0.5466904900549924,1.1012897375394695
505,1.8267969563354562,9.211295522403399,0.02315173398107871,0.6758140204141836,3.818018549553156
506,-1.097274864565183,9.326225502479016,-0.754088849851978,0.8022197079039837,1.8978794942597474
507,-0.5845973779200462,9.35156347445951,-0.23915481716150475,0.3695732473851886,0.8511912356794095
508,0.6912221826596873,9.871959479795295,-1.5337682984295282,0.19047075035075922,0.3776071333341816
509,-0.9500510329987912,9.391203093326718,-1.6990709279987124,0.4355773705141517,0.8658581269387452
510,1.631954915978926,9.84516242168299,1.2699710973291198,0.31861982322217863,0.4494434445739351
511,0.8750319755588548,10.134005608008184,-0.1424580620897513,0.8859995364081993,0.46099112383204977
512,0.7138793685577706,10.047777084782156,-0.9170473112816098,0.8905986329008797,0.3446746834237758
513,-0.503552642549549,9.87366578696164,0.25400730000788296,0.9891031351173349,1.0009417690445064
514,0.07696345298742845,10.453194251274477,-0.33209032660002785,0.49376098555820735,0.5918187220038117
515,-0.8061248487279902,9.228062155255973,-1.6598400752113904,0.7026061699566711,0.5909608189836265
516,0.881470291585089,9.168984389418053,0.10877740726400212,0.696479459440593,0.11358080508643156
517,1.1697860130246698,9.990310061684076,2.0005793704221437,0.5633545604772435,0.36008192072947953
518,0.6868673288700734,10.804664559230293,0.476734908873062,0.15506152511831084,0.08192298890028463
519,-0.8623912989190766,8.57547070617968,0.528975049385846,0.2555131020556043,0.402258275417011
520,-1.1633980101807055,8.055463416737036,0.543008180859389,0.15791677772482215,1.5780296826444842
521,-0.30176030695471756,10.725715384499695,-0.019587689339530246,0.37132300830054443,1.7768991438250554
522,-0.13142327051374691,9.62244487682333,-0.6812464009354208,0.5961316028109095,0.5380281641239625
523,0.785509712601322,9.804970353179192,-0.28276636466551547,0.5556688101070486,1.0145510910177622
524,1.8112294582970132,11.18242047431154,1.139562155137203,0.05636075607173108,0.8266245142254475
525,-1.7366192210634812,7.793761599639353,0.2365447220350068,0.021483208908721907,0.9217685329927348
526,-0.5803476658942632,11.734725908419408,-0.26504113270155066,0.46291533172151655,2.271405726828798
527,-0.5645566707844739,9.613464305343133,0.8939092365431999,0.2993697468596822,1.5699823474140038
528,-0.7283636116272691,10.239516876019765,-0.41988470108835363,0.427635527705547,1.4033832123199521
529,0.16548479683425235,11.028266950121735,-1.21552275921257,0.8839754717628004,0.21452792564119913
530,0.1319678769584291,9.896939623778477,0.8072524818780122,0.5536050274406443,0.9921127972501245
531,-0.5724995680789395,10.861613735632966,-1.3549729495588412,0.2917862993955337,0.3248872980696797
532,-0.6656751851071022,8.704465902477573,0.826780361944528,0.13306399194461227,2.941855699566292
533,-1.4039171965547292,9.949065663881122,-0.6616786885959909,0.8774916451462874,0.37204861007390577
534,2.1045850366041474,10.007054302521464,0.46307069394221767,0.2354401279132905,2.690802306879154
535,1.4967908133156198,11.276022481124187,-0.2354221845105981,0.04604582382363687,1.1019935159164331
536,-1.4740729777814408,9.801010750786855,2.3463289053170997,0.7554815284118701,0.5079042838538805
537,0.06062519770946312,10.588750515344788,-1.71521261449052,0.6018869718672049,0.5006926982531037
538,-0.646969474801566,10.775170141771435,-1.2137324589323082,0.6336426334362031,0.7227374153772481
539,-1.6826994836690625,11.091465874609755,0.7625424692704219,0.9640481591925003,0.3840158860767322
540,-0.33191449968932013,11.853346302011541,1.553744206085814,0.2746297041715725,2.7175192354553164
541,0.4539506575657759,9.165288425357895,0.8771599596719349,0.12446529766266656,2.0055015932142832
542,0.48684750940599913,10.772371056189384,0.19701780793752843,0.564703622064365,0.6998767503912481
543,-1.0463353931555115,9.289447137741954,0.7171525643262919,0.8027574989488749,2.0004011094592213
544,-1.0384233835382906,8.915756757344544,-0.1439417740987619,0.720881453366957,2.1260548853622376
545,0.30108053172115695,9.847374364861661,0.10183633074776867,0.2187464268082756,3.6744075372410676
546,0.7910770255754402,9.500346446437142,-0.2577553552802928,0.685877121836485,0.03514206853429468
547,-0.9838560072210013,9.409780625647082,-0.22746590456317237,0.9806848180926707,5.6094602318048175
548,-0.27883771309933014,8.253792161064585,-0.9068225387090327,0.9705000560967388,0.8129383994191888
549,0.7257163794312481,11.013941955896158,-0.5137536050208462,0.002808448261377383,0.388264616007028
550,-1.385523152081078,8.87752314779717,-0.34938447405228784,0.05568867585280024,0.7362052141634383
551,-0.8929410512189013,8.633138524085185,-1.5410169427455802,0.8572279690993057,2.0800856526233087
552,-2.146083736657749,10.455331304864002,-0.7838219885889643,0.5146568855681936,0.28873589337831634
553,-1.1574872961346887,10.588939873481818,0.27065436113564434,0.1833105055064871,0.5864324828445509
554,0.9229301462939383,11.6638680545977,0.6146438548981314,0.3386010482986277,0.7021197440959569
555,1.0329270260522307,9.878131318896306,-0.6236624783141571,0.8367424356381519,0.7333913328585201
556,1.2765669429771636,8.669307279022714,1.1214636695754028,0.48103802075650526,1.540536499097022
557,0.8055267043416408,9.786940084973747,0.20059480464290613,0.9629406578296337,0.7810052998791842
558,-0.38304495356924384,8.706407195974846,-1.16162272206129,0.9839728743294691,0.132876680628369
559,0.6141956544289753,8.11859309520584,-0.2797524551648705,0.6358726488605815,0.3927980484668061
560,-1.4503064635261125,9.292293253998508,0.0017445213980466028,0.05069517478702157,1.042597156505291
561,0.4525018181282322,9.427306745168487,-0.2876061381890189,0.9548253504667292,0.22287313691285282
562,-0.6720110692185691,10.421265187130098,0.8384330238361498,0.5030290354297676,0.2038663229291963
563,0.2537237264622801,9.219536136702569,-0.618130396106781,0.8332240249339256,0.20986484073090877
564,0.5681865602595662,9.754787124309415,0.3522165684690125,0.22837754476642025,1.2521284715891727
565,0.06884911412271202,10.284297467474412,-1.8752996343298491,0.1781826783571817,1.0200312744354698
566,0.6802204983561583,10.728680060830936,0.5256454762475148,0.9088025708952887,0.23574636972238192
567,-1.2502644495821411,9.874073680818091,2.166468677908188,0.028924327981518227,0.6053140908399666
568,-1.1109637549717009,9.155820349521433,0.6358943837473405,0.5048484947461307,0.1804951295137985
569,0.3929566805191125,9.264606106645731,0.16912584900616745,0.9076492302448457,0.6065586713022367
570,1.6976551280546899,10.025641249928393,0.3451271668450613,0.4542460353777682,1.9286197137244374
571,-0.37090127871831713,9.144682864217847,-0.07624817129249059,0.2117679753258076,0.21316080079017746
572,-0.4485006828884395,11.126650127508205,-0.08140830896929632,0.7134612947252438,0.4045101809796851
573,0.09105578034893617,9.872568794736477,-0.35506354881215874,0.5418181648482971,1.6677120599399247
574,-1.6510495939839818,9.848718418829069,-0.7764235651029755,0.6216623196042618,0.9715615606837614
575,0.7039901663926089,9.22534216041597,-0.2858790108427262,0.29654074317336554,0.23728232460263135
576,-0.9200543081020239,8.689521127609202,-1.7270110378004946,0.03618115276216016,2.725773918535637
577,1.2782968296262085,10.429520138436297,0.9043617192990155,0.009321516282675635,0.7993083912143065
578,0.5943346485209535,11.780065682406919,-1.2138403440616994,0.8152238978782019,0.11198021206084156
579,-0.03479188990336261,10.834503675941004,0.05040828017368862,0.2385981024609649,0.41807044311711355
580,0.95027353954951,10.057106312420403,0.855563389220074,0.2681623215613068,0.9409401968005902
581,-0.6252217018533816,11.476979062708256,1.029423627729097,0.2787253939380663,0.8922188009138228
582,-1.0321783288648791,8.695750274304226,0.61214153526496,0.7190533387680228,0.7013929241229384
583,0.5721779258469196,9.533431089281505,0.5185178917158094,0.9033048212620604,1.1491662494307973
584,1.1177652282029595,11.766679585664857,1.5211144929696698,0.3527091523144328,0.9520852369445713
585,0.046532047804279865,9.577273861117936,0.6204274749822652,0.7322851744675267,0.16329521044526465
586,-1.6397018931100131,9.754214115045391,-1.2679525309067465,0.4739603236654998,0.41803611658929524
587,-1.2751706102638956,8.95026262943176,1.9868044422458544,0.5704855465188005,0.3242490680070158
588,0.0791408570624798,10.632907201399023,0.4673002683715518,0.6978026180796758,1.792875122592519
589,-1.3638953459814207,9.645549532666612,-0.23880933903340248,0.6434183544071161,0.9464719029832765
590,1.1322607977645163,10.16532373442417,0.34291810875453027,0.9686163686327115,4.0163224612357435
591,0.4027621808627471,9.91484015516238,1.002899154997601,0.5036697789185909,0.822425505380378
592,1.8220731380802022,9.433376507624518,0.7877392011767328,0.5218000409283492,1.7308653310833244
593,-1.6188474087887126,11.299767221364533,0.9565321974020984,0.8743424048751333,0.11218058761661855
594,1.6624993130622938,10.805211564688475,-1.7091612312385398,0.36629939462656325,0.08455088383024627
595,0.032300925594825045,10.303920732589518,0.42228877936521186,0.6185723798707884,0.1656371463500977
596,0.11444539734361003,9.760694219692716,-0.34111316981801176,0.7337208204186156,0.23702795468745746
597,-1.0251183902331382,8.39940374231023,0.1013359486703731,0.07087769057310178,0.7976837296551794
598,0.505308082044765,9.902718481891737,0.6553034886088498,0.061245628514086325,0.33647770662842186
599,-0.9430553582591894,9.939082320849217,1.3872420084791872,0.8741383494739009,0.11103337391450067
600,-0.49124058750194843,8.85675764004506,-0.427018549306776,0.2828204190308147,0.9745061597730114
601,0.3312324309974094,10.364706664294172,0.047598380097384,0.9435181524039238,7.4278441281105545
602,-0.642574688923213,10.616333997153887,-0.13094085119963186,0.4493972080177382,0.6374911507611756
603,1.0995262948538873,7.776926005816538,0.9936598325126426,0.7421336215063229,0.7077827291096236
604,-0.5117885827444512,10.789713789471419,0.8663406437502944,0.42467989325731903,1.9893262670428753
605,0.2014848804557355,9.960941247244095,0.07499238800291087,0.6579519055115824,0.9745703255470954
606,1.8498960764732473,9.50062175933103,-0.5762867993388356,0.44845400375762223,1.7624682750804228
607,-0.7752496885646957,11.996332833471657,0.6203172757092128,0.6858013375498926,0.357145806331839
608,0.6413031955243268,8.29096559756025,1.5526978229903694,0.058688713101616496,0.8198805483040159
609,-0.3496106247219417,9.93711574393093,-1.9405332803085564,0.98467856233573,0.40955564586290255
610,0.0853726674869922,9.560757965888548,0.42454905060047693,0.7266306196373248,0.6839206952713712
611,-1.2711937456961666,11.571749574232763,-0.5367380104532276,0.5763759441760834,2.081598676947296
612,0.6710545130827354,7.95265709581275,-2.130468974562969,0.6522530781566284,1.6222382637288568
613,-1.012496053976429,11.02316730634167,0.4037785239599403,0.7921322210458851,0.019272005572728432
614,2.128194361313141,9.064197251327984,-0.949062624394502,0.6571019476181084,0.24112106801862832
615,-0.13606835937505693,11.005451451194917,-0.19798053170283159,0.42632111205118717,0.7899949338566019
616,0.450276169605463,8.878361932772226,2.0456639268234023,0.7054113795907311,2.295862087037283
617,-0.052471029359206806,11.059178410503481,-1.1073322105296375,0.5851885511919405,0.4982082428927921
618,-1.4750947666611414,10.70080460807084,-2.2303473359311594,0.3651869770200953,0.2846593199353183
619,0.25964661910361053,8.84629078528006,-0.22954530103769072,0.2075045951804364,5.369310464232966
620,-0.6640161062306407,9.260807134317378,-0.23985245722869117,0.9283156837518324,0.812663971313929
621,0.15226199953785027,8.211274053319176,1.025835251307392,0.8608347689282083,0.5495967926257203
622,-0.9390250697774126,10.123348207584241,-0.34767596318173283,0.6346969966214275,1.2106784447804568
623,1.2778708714141238,10.031003019898979,1.5488292049190449,0.27681606998068065,1.4382978234140469
624,-0.4249847152601644,11.041320875737531,-1.5600842909359034,0.8694834024783693,0.5687797929599541
625,-0.610414103821834,10.863575989595056,0.12360030549527755,0.7809995470570991,0.999969637097917
626,-0.8751612752178455,11.250315181219666,0.3458963210620554,0.6671791288225715,1.0676748385167945
627,0.04456347066893494,8.28761765294962,0.055225021545090965,0.60189204908725,0.026838925226569926
628,1.0400455285317804,9.376327128621638,-1.452732102779606,0.5022227200212657,0.32133933082109456
629,0.22609020681736183,12.181482173601825,-1.0602285297721001,0.7430664131899691,0.17549167656438167
630,-2.0068358114443283,11.179115157561736,0.29837927394051583,0.873359754519419,1.2812334101324792
631,0.8156864025336799,8.765409712728653,1.443338761754322,0.8737685006212256,0.012058552646103686
632,-0.019135217369847964,9.677423637788284,-0.4904329080911954,0.6734599470619675,2.514709818315621
633,1.4776739459423143,8.697686484523771,0.4226100141903882,0.7114179063587565,0.43860256896776173
634,1.9582855623094495,8.798991245248352,0.8031767499966638,0.9660445267103904,0.7509359763383624
635,0.8603761673985336,10.557602137598748,-0.8173718125328172,0.767075524629505,0.8219538756869548
636,-1.7364973269905097,8.929639754407843,-0.6453174135182796,0.5999031849407785,1.1264277065847135
637,-0.5936849812383849,9.745513723216312,1.7906543673890327,0.9302351647651057,0.27406341890740205
638,-0.9731923446135679,8.916394860276867,-0.9156358059359122,0.5833960861333638,0.07388780555380714
639,-1.0307084970077298,9.444103633227114,1.839516493367302,0.25721071640239024,0.33859972018333045
640,0.25056391056193367,11.836961729094988,-0.343355861933013,0.09445042418146865,0.6872453245894685
641,0.5716552083355767,11.600601219147439,2.402487568605384,0.42236099719520126,0.0026605655823368135
642,-1.8597979941817657,10.940076666361817,0.33107643129341546,0.5706746629368673,0.3140040526600899
643,-1.202632255883658,8.257872588474397,-1.9154352094971805,0.2786215686877659,0.7819415231148289
644,-1.766589016470621,11.118501904352453,-1.0242458619720052,0.29043410796908875,6.965257995038409
645,-0.22288387838437357,10.083395449641834,-1.1578664536865229,0.780751165160702,0.6272127677161585
646,-0.585682091970172,9.888372257880912,2.4954569362988703,0.9885473253599584,1.0244445675712541
647,1.2027329798617838,9.308477298868961,0.03967656736415658,0.9944859461627252,0.7185974570425034
648,0.08408273490925308,7.946459324494789,1.7860147346674367,0.3731100977294577,0.5236683108919546
649,-0.10447451133002167,10.852173717258106,0.5848419568595771,0.5427853590682423,0.35489093765624574
650,-0.24022482532768938,8.809826465099611,2.0593567492821903,0.15563330253569174,2.7424927207152843
651,-0.4885340835532474,9.650042213711025,0.6002319922832656,0.020538059175123413,0.07365775028444611
652,1.5886841061709418,9.895440258696194,0.5406325447018306,0.2075863357788712,0.5590207938976616
653,0.13528758317497935,10.487725540340845,0.4816533906949807,0.1543625110772895,0.16769835024618132
654,1.05845089599705,9.789000161494434,-1.358869609444552,0.48015658852977805,0.926649963955966
655,-1.3953320928043502,10.380064196965709,0.2182381927972845,0.28741715273555357,0.4794711278832148
656,-1.169182827036082,9.98669817198468,1.2734750894055702,0.09262551162348764,2.1555832372330257
657,-0.6114869234505687,10.793684779006444,-0.04243293435581364,0.2648264731973874,1.7123553060634666
658,0.8203329969903854,11.83273773139572,-0.5857235155307184,0.14772445822927105,2.231415320174507
659,-0.4867103276830318,10.616991852242139,-0.17277104656699338,0.7653275465679978,0.5771836949184929
660,0.20640055588629225,10.124798159948703,-0.21567078585470517,0.029167882945385748,0.10957327916192887
661,1.2767415273395648,10.106594707956658,-1.7685436029896564,0.39755258341506106,1.3501829646018921
662,0.07363050980464782,9.142666427451537,1.2257267476667453,0.09490122734620143,5.670681437624706
663,-0.5252423157613891,9.697360890855855,0.038845610750003264,0.5511053518155494,1.1422125697476686
664,1.0836375402488594,9.832065164513496,0.5090634754347567,0.29608956960233435,1.0366702232296576
665,2.7955618484407085,10.1041418269819,1.9945941726160359,0.9001794559627585,1.100024623882574
666,-0.3687229353514464,9.787270522495348,-0.6264632428939882,0.13366671357186066,0.11811062303347969
667,-0.5272749192031957,9.939647676541949,0.6334705789584694,0.060185452268408435,0.06035392071958444
668,-0.8553044668248199,9.838670976023558,-0.6387968141577745,0.14835088706997823,1.8177354033862974
669,-0.24926536652521858,9.05561405958719,1.5706844426559405,0.5055484294934468,0.9469749712070703
670,0.15642754358397548,8.60941298301405,0.31935914528494663,0.8120535014714365,0.0015036469943243613
671,0.417190608356037,7.255838108415192,0.055010869483476575,0.004215796355471757,1.4521749603233545
672,0.4559368427123858,8.78169354510471,-0.44848951147319044,0.13488654646586773,0.26469702488821
673,0.45904725338964997,9.788227525573003,1.5271361658571847,0.9118791865322657,0.46357699264412655
674,0.1739187554205196,10.809768519929303,-0.10646045007604509,0.8655031799779339,0.068734961188716
675,0.7604182910003865,9.468433802216316,0.6428723116553543,0.0629222347582854,0.5587400327498517
676,-0.3873356005753159,8.910207541758126,0.12717989111352995,0.9490439963332521,0.36605786727401757
677,0.18023233241095746,10.655362396153663,-0.7798958290132205,0.5989217023099128,0.8145730670139002
678,0.8872635915860129,11.287955182784872,-0.71979995342848,0.9198384181982722,2.2799542453073123
679,-0.7829820560556628,9.465855063496212,-0.6284807963034142,0.8143369094668685,0.0663108916599845
680,0.553913721206272,7.064625501384653,-0.20055066374399813,0.1187785914772077,0.4045980143726831
681,-0.4207134902633412,11.611399491149713,-0.22564944184459398,0.5570963324039443,1.8951067638529095
682,-0.8676647807728101,8.67579838422438,0.04912182661625369,0.3282195720894693,1.3174970421208754
683,-0.7879783354887233,10.085653330611278,0.2649615804173568,0.28624395953367143,0.23694533790538758
684,-0.3123141010524043,9.929810553590317,-1.3721398243033844,0.25391590849018997,2.618860061536901
685,0.1039366534717735,9.939060685166226,0.7912352753978269,0.7061063148838038,1.3750342768703148
686,-1.325928416080016,11.02765385511092,-1.441216037794477,0.006348663499886942,0.7520385251794021
687,1.0196692394125701,10.659591978678769,-0.4415567326755518,0.546869221676527,0.7167625099134363
688,-0.35830333214028975,11.266129160087257,0.2630970148568361,0.7458190045874648,0.42668521709041723
689,-0.9183273430163555,11.369214685114208,-0.28623780234682344,0.5728560771588447,0.21047461831002953
690,0.4150794871453664,10.557181035180818,1.1041747900998693,0.09973294094986196,0.4376827253385974
691,0.6241832636843866,9.124862889777784,-1.3394513069705583,0.5035000320210756,0.29082859658260257
692,-0.5393334463947689,10.171477852431481,-0.7127845881002449,0.4151252530140729,0.577006012233067
693,-1.6643134931762285,8.928119637217092,-1.0898318556089772,0.20703411580649744,0.15779647828426288
694,-0.8966028374113639,8.322968979896293,-0.45665422266635414,0.648876743421661,1.3418177023132971
695,0.6610817489658285,10.896062878033492,-0.7902202449366569,0.6939652883712106,1.4650471902553384
696,1.0861970326504728,9.188977379594276,-1.1194054041397898,0.9000053726267296,0.49197059586515984
697,-0.6493202142185633,11.14726370401952,0.3180724026527077,0.2697293669049301,1.2906516184845238
698,0.35667971094867373,11.43486771356938,1.9288335634434959,0.6155826229486433,0.052260933891071976
699,1.1129364077542838,10.620746800038855,1.187223757632639,0.12198281652260734,2.526437446288509
700,-0.9775694997178188,10.229176734628455,-0.478267282549073,0.5545108324026138,0.19457435522974148
701,1.653181637048258,9.115379738349056,-1.815579624436683,0.7744446281129389,0.3075501155651708
702,-0.028272421928792233,10.700187766094839,-0.7983119696287636,0.320719467686996,1.7100822862265062
703,-1.3474155213520622,11.146018921865993,-0.16890895846935952,0.08503041333313222,0.2285662498556022
704,-1.2722129266379076,11.274723693298089,-0.01991445887530833,0.30473562558666956,1.5485587425625107
705,0.14010673728587456,9.343384876910916,1.3334949973959356,0.11316848416684855,0.25334348672371454
706,0.07328406139257532,10.06841454587137,0.9294601830387332,0.770879734046715,0.8058118862270149
707,0.39063118929833024,9.405093593601288,0.08286905970660392,0.9414840191367146,0.5436287408912303
708,0.615955024260154,9.327563829405753,0.8513074244267299,0.0022632974279346296,0.05276706792975212
709,0.3017759989468771,9.72081891010764,-0.16595985410171513,0.26705125852255085,0.12129119510942533
710,2.1156985574953495,9.698811090979788,-0.46087533843231954,0.08833406149252343,0.025947768654104728
711,1.1274302408688444,11.129187017861005,0.19759539407173551,0.3072999504972087,2.1312460122243264
712,0.9204871604312287,10.183584498576787,-0.1214522054368906,0.5972642029157225,0.3611588902577137
713,0.3821069605977583,9.513952125494992,0.27132616028432605,0.3416801134258243,0.8331816431119282
714,0.5195297227415112,11.366558319184136,0.1579456338418069,0.01732212583199433,2.564795327903074
715,-0.6754537364031477,9.487723670654267,0.4292067065887512,0.4837858447729838,0.1457698895089694
716,-0.6155624424279257,11.276659587150618,1.9888756314343754,0.045005284907879806,0.6025745458245609
717,-0.9381052218975661,8.246377124929229,-0.36555154428068365,0.44537432995685067,2.345805128758341
718,-0.8588131531337364,10.441521681609858,0.9720537163802426,0.019708550710590633,1.2789599655191384
719,-1.610233957263995,8.038228567426595,-0.6289524483656899,0.7182097062603986,0.7163727753528555
720,1.436904496303625,11.101354894925661,-0.9665520069091268,0.8653525417568413,0.5534983714134248
721,-0.003380885882294506,10.718836628671971,-0.06156257570585752,0.2617403564060897,3.819781960988649
722,1.5439358620851136,9.898019232092143,0.3722296366177276,0.03667006891702629,0.045239097787858285
723,-1.697033687820911,8.85121181038853,0.8860648788566626,0.47843298238788123,0.14880921452166768
724,0.11600510688670111,9.340433323204474,0.44192846007067094,0.5805753461150573,2.157828536952201
725,-0.8003650393782323,8.979416995275734,1.4117025583806408,0.08997132331244384,1.047482285971944
726,1.7749284318808345,10.20791725196107,-0.6242439734185855,0.31945109053540943,0.10770480505200841
727,-0.47946992113877834,10.216759502679077,-0.036429723987859104,0.049898948844750324,3.0148436981217883
728,-0.5965722833951771,9.849837329110333,0.18398803572353728,0.25974355330960985,0.013242173294739494
729,-0.7243569322770241,10.432461355422696,1.1531275266165484,0.3034739132030332,4.897527226795031
730,-0.39822914744202403,10.010104864909787,-0.09913538343328694,0.29780853676624086,0.2075704652196832
731,-1.051483257177945,9.262251257884575,0.6648252317007642,0.06802672996213766,0.439316085063855
732,0.48791717931304285,9.910028891771558,0.998694946141184,0.6371263994540235,0.18569930706165313
733,-0.005779226953289153,10.067154823639028,-1.3273470530841365,0.23864598257138114,1.5909741202864105
734,-0.15284104398267603,8.736914958856195,-2.1450800940353916,0.38636633236251894,1.3268232915911118
735,-0.36127159332825765,10.314243846206839,-0.465745212525967,0.26605766503459793,0.5400010534476866
736,-0.5512031622614065,9.785262405766034,-0.35218167289657454,0.4064391067094787,0.47261874603432097
737,-0.5726544591296591,9.429128997919527,-0.24794690158348107,0.11424980680097052,1.1031439808707275
738,-0.8274539095198088,11.450163268366659,-0.5107650122319679,0.6467780784248244,5.569452448725208
739,0.7591040446447376,10.775966372920411,0.09885770926590146,0.6151306389294018,0.20068688693382616
740,-0.18683037831722418,11.559080476901086,-0.05659447303822233,0.9716827628133876,0.9600793539399196
741,0.9873714684068418,8.824508107427544,-0.1705027851653213,0.19328559747491103,0.6639343293266342
742,-1.1937782610360548,10.730023000177088,-1.089954763410465,0.3494450384069907,1.5407466768260873
743,1.0437322536013949,8.919062854272347,1.895490940249687,0.3111672834378816,0.3347549101631046
744,-0.6876341147502016,11.3786390623608,-0.7679644065968052,0.9267203827521654,0.44551004272826367
745,0.22691187612562055,8.86181733110146,0.16735464032437103,0.4416277059342275,4.494692852699933
746,1.221800520487441,8.381061804512042,-0.6107830250025212,0.4202181669674927,0.4306461866507163
747,0.20885702337986609,9.981943002373393,1.7409678777978583,0.6174957651278312,0.6621520167517113
748,-0.10005193906930175,10.280502053177294,0.02791445155235358,0.9890563922959161,1.4011704108889342
749,1.5459116122377945,10.514999951027667,1.3248906793995847,0.45636772176431606,1.6939217980420376
750,-0.25296241411897974,10.131975812992735,-1.2432219292904736,0.08153025595711971,0.1386741403898202
751,0.21601065823681187,9.533612074870364,-1.0009624456283481,0.09761953300497817,1.6002867945217107
752,-0.798830196455245,9.607940892035382,-0.1033026203795683,0.8389677172881351,0.4449193179612998
753,-0.1045396190215967,8.905975490794289,0.3903967421424769,0.043922437326184394,0.5809637943142903
754,-1.446556230055767,8.731186139379881,2.3892122332815737,0.34981048101022283,0.04313398706557678
755,-0.3214403143945097,9.890607547749326,0.6213653133942949,0.5634163352685404,0.8077533211393559
756,0.5225763014946663,7.861803766633052,-0.7497608764621863,0.9765797898212535,2.3023851563817423
757,0.11748548638331623,11.48530223278389,-0.5178909766607146,0.2362190074023457,0.44459742057777113
758,-0.2486937665821068,7.415227784360482,-1.1565746655589684,0.22082418098006895,2.1064596323177076
759,-0.6954337766421209,10.732772918850372,-1.3836649178599176,0.8067648049036774,0.297374476272058
760,0.9644412133442207,9.604832788224993,0.8246781290029792,0.9839621658227036,0.5038373070125203
761,0.4593001969810561,10.838261674366294,0.1265233242465732,0.33833873766098077,0.740278408205514
762,-0.3204984828551974,10.632794082785777,0.1391520637090989,0.3224067999822299,0.4425094941174246
763,0.40182826861933363,10.397791790123785,-1.4782730581704158,0.3288416251736641,3.6772873120628797
764,1.4960425817533918,10.81726007396623,-1.6181657801336604,0.8165605566790316,0.6134498985659247
765,2.3049870147753833,10.772293641129389,-0.5814753020577832,0.8380396165515818,0.15231495164523878
766,0.3381987508046426,9.218107725900639,0.6894130615318291,0.9148875154986416,0.6539928487815199
767,-0.25889698803253336,10.166835097190315,-0.1427448288404397,0.2372650748647902,0.05190244498883639
768,-0.5490509237393952,9.248951453963219,1.1718368358694808,0.7900400316527085,1.0223300276240896
769,-0.30548640690873946,10.356703359708701,0.5838697925957027,0.9855116295904965,0.46462913263830624
770,-0.8013376812357567,10.518038330515653,-0.4787201026051599,0.9647315787705399,0.4250743374828098
771,0.7915188107324611,8.58974976821133,-1.5976213325484143,0.9428351845799599,1.2771204611876392
772,-1.0644234876497558,9.73438930602146,0.5885457444492094,0.017920182622988556,0.6392301550250015
773,1.377095232551747,10.447755245054497,1.2595200055415812,0.704062491256422,1.006743140805581
774,1.264814646529287,11.166997418567076,-1.665209613811237,0.20155821340987723,0.3038062075266755
775,0.6078321929450969,11.214887959213103,1.6893319310516468,0.002773336220015299,0.9598038708524048
776,-0.34118222038360685,10.10861714512229,-1.421924267085857,0.6534578198398264,0.38821340776548785
777,-0.7852089262527533,11.104497252615792,1.422086933480307,0.5247920571935974,1.6134564150088555
778,1.5316573882332734,10.821379037902664,0.16294789633460385,0.3572928588891856,0.23304173006711365
779,-0.5002810812588497,9.497003771518713,-1.1673819984174383,0.14841272186219123,0.7939935695688474
780,-0.6228664018013683,9.95219337977789,1.1003906441939062,0.235505957192089,0.6758998393361492
781,1.3894007262488772,10.754002389827557,-0.0945922526088946,0.7894172404279615,1.5506260818739117
782,0.4019988828180215,8.507965402436124,-1.041676850026438,0.3588368754173268,1.181957643987682
783,-0.8041476499922677,10.844570271881556,0.5180169174180659,0.22927226212236818,0.9371101130959991
784,0.22101009849710848,8.620159432426549,0.270830767007999,0.08555389961765436,0.4962269504289588
785,0.046645491289554815,11.45893009906873,0.9242263358370827,0.49152557051197243,1.1119319255326607
786,0.3673860239500181,10.982050360211367,0.8707365621095553,0.25532982322773357,0.049365387303622645
787,0.3160546968204005,8.287226852459568,-0.9107696584867666,0.12697002261422052,0.4996432996575525
788,0.37765404398592867,8.273176954133437,-1.0851914825820164,0.12935621626265859,2.9780814655138723
789,0.005732937755084534,9.502183901745077,-0.9728763801144135,0.6317098795990651,0.04056690407535486
790,-0.16780369006754506,10.056134354119008,0.05329662940132956,0.4619621181678587,0.24463936349123108
791,0.4921975537474186,8.388100332208904,0.16920642575257464,0.2989921124201089,1.0114985776120464
792,0.8924030801778658,11.945292430548779,0.003965456305141227,0.8665717059529451,1.4675712656159545
793,2.6608643158146803,10.332419879755895,-0.05147038111443231,0.5715883535144148,0.40490614112120416
794,0.14722228272925109,9.69076252614473,-1.8353175391576089,0.1288976530651651,0.18103126391880336
795,-0.16492008892768573,10.582695265218918,-1.1395042603734713,0.36065859455288996,0.8452308649455179
796,1.1775770359528015,11.42185143257538,-1.9327755710216867,0.2817156068293628,0.11087937412837072
797,0.2177403504776179,9.639626458990037,-0.284798769605924,0.5334362244298898,0.4136428610762112
798,-1.4675616328360321,9.014668702512411,-0.5395880278590688,0.7172694963612571,0.575833413384912
799,0.21618369315795496,9.539902427748428,0.09619993745965062,0.8057607580253163,0.10365989222930755
800,-0.18402962825797636,11.281318643109172,0.15985087533913248,0.9513611582964537,1.2162236484575066
801,0.7547730156242397,10.261558016694211,0.34441138532471605,0.9148026309216606,0.3723304956800016
802,-0.32972777790897334,11.552399995794808,0.4919806900631115,0.3373688813152744,2.234834045755144
803,-1.7266051069903043,11.755758986264638,-0.9923802867459461,0.7143525900756875,3.2920529100678766
804,-0.6382782065195645,11.160046771896061,0.31057721489045487,0.4368475915334197,0.9727707056065847
805,0.7298964339448503,10.5575382497708,0.1893958845086135,0.5232252278222395,0.5068199461737737
806,2.1084016562282253,9.801133805547408,-0.9280387925621774,0.07114213170889239,0.03657646602633749
807,-0.13276772190743102,9.28032454376501,-0.8804733435564781,0.5235690289884027,0.24624725451590207
808,0.6994650407432612,8.422672301796679,-0.31399478491527516,0.9468899442796609,0.2958498925137367
809,-0.3591182181409052,12.79733306572906,0.3594549214428102,0.20932430796188772,0.1839605791646339
810,-1.0062824211917474,11.434800461109557,0.7018663563282591,0.6210670666526623,0.5281890621959672
811,0.17121934896430166,9.89421206799514,-0.27641958354861534,0.3862448543304593,0.7186095538725291
812,2.846024209902499,10.531044748246396,-0.049503565922637736,0.49674909292726244,0.17550621579414188
813,1.9486751185503655,10.323547822196819,-0.2061289039975918,0.9110031906036052,0.42930624456615935
814,1.8000685023549028,9.249716104455405,-1.1352392595725842,0.32505949223651387,0.3552090203914517
815,-1.7452269078696372,9.389565211972283,-1.238553692787367,0.31326588242456843,0.10219206415505984
816,1.8379934176776676,9.78158677108314,-0.9014873111363242,0.8903569157409637,1.7157331236038151
817,-0.6039695951630321,9.563993084252228,0.8302474582472641,0.04908740632255726,0.0689314687508758
818,-0.4640003284380619,8.391009191845548,-2.3843017162755364,0.3593976659783664,0.17135485940666303
819,1.9336137296114635,9.161048736351004,-1.0529419780958633,0.7448107479777701,0.43038981900210455
820,-0.10652479847837036,8.125178492818065,0.9064046712568702,0.8081279998792483,0.7659228594356594
821,-2.223722662228595,10.660310463698519,-0.9970045346418004,0.28628823480396526,0.1562612747867542
822,1.3091685896202305,9.64244134528662,-0.0362542267532026,0.029545382737928505,0.43306084423660857
823,0.09020412201442386,11.654249292738172,0.13431501366938742,0.5714177825339297,0.7930112421915136
824,-1.461086045026103,10.48860054811334,2.69993078956371,0.7061367845724728,0.8566625749170241
825,-1.548599475907118,9.625562962026002,-0.6032602704525311,0.9584615366186072,1.798040606613604
826,-2.071705292263001,10.63401474868542,-0.6596572660532812,0.7997079752476643,0.14571194315347727
827,0.59708988438552,9.906122497744969,-0.5053823313113458,0.5415622053087731,0.04115812100945444
828,-1.7146058825832782,9.964430456833544,-0.3274891948053226,0.6097088165625044,0.5302291664860463
829,1.3028203022980716,10.431200504742712,1.112317312443232,0.3558887538843091,0.21040874545674557
830,1.2843627801670803,10.23984645594227,-1.6327892922270038,0.12125434568663351,0.8446705990683946
831,0.35711111903169807,10.078393319609356,-0.674642349648218,0.1487822982753133,2.556881973948005
832,-0.10944774402212719,8.802903461374768,1.2576468147613775,0.09113890429573068,0.021296814554570435
833,-0.753770421216296,10.017747003602508,0.5864530868733102,0.514766914338372,0.26067031313724354
834,0.26393187802564655,10.146223148029712,0.02070956859843384,0.3929006136805353,0.6929942823617892
835,-1.3443313662311462,10.06841160637119,-0.033704380673302184,0.896320585596352,2.1358080560493566
836,-0.2791349022541521,8.505998540716227,-0.18437542612885058,0.2745070780291743,0.31204843937477134
837,0.10865484346336975,10.821673972036654,1.0085212276370707,0.49282377358926566,1.0154625087407543
838,-0.8843392926248531,12.565421649037617,1.5075668475723893,0.6839293849326845,0.41553889790687065
839,-0.3072005788884723,10.546701646332615,-0.06812036109692209,0.8834389939424435,0.43149072327012
840,2.144048611544347,10.46767477270848,-1.4331142933273902,0.8752079630951801,1.0486648397615417
841,-0.8761665437684333,10.285317045576308,0.10835168457568788,0.9745795691251342,3.225350974659828
842,-0.5520637850854817,10.471978604764056,0.0689417964693151,0.23840156197564477,1.0102734159309057
843,-0.34952098610668375,9.055557628410266,0.2640692587433501,0.15332193506123803,0.663174859897485
844,-0.984743057987161,10.593030326320289,-0.5949839452537536,0.4353650930515558,0.40407998776320164
845,0.7322830421708265,10.074874719975549,0.5131337171178385,0.39995361203178903,0.07576917165749408
846,0.1035157662262715,10.226803434036805,-0.37810889752191557,0.22637285602379642,0.2142197043354925
847,-0.9932555899415043,10.23136719269944,-1.8366971560030718,0.09471474586402051,0.2539619877673543
848,-0.7715090145019944,9.995108170144276,1.0568875800583992,0.23560829045193965,1.8699014344796043
849,0.37575158085363225,9.68410742316503,1.1295206811354768,0.2699073137544886,2.6700942213870857
850,-0.14524870261470613,11.522894506475156,0.14087397177534386,0.21239892304051333,0.7121157650273565
851,-0.9149878825650101,10.168429240415106,-2.191580124243391,0.7015361270215685,2.0436074533668447
852,0.7623705670398554,8.67177609849407,-0.646992075153437,0.8841247876647778,0.3869449177798569
853,0.09514771871808096,8.838393840027427,0.9163068753585775,0.7837589548114482,0.6033228611398781
854,-0.5956049359270243,11.759751784585422,-1.4223749547497442,0.11320960866545315,0.08127605783527458
855,0.9336486359924353,8.526602182360545,-1.6369876144710425,0.8034142423561359,2.2624391015909207
856,-0.44634331599493876,10.66508267810045,-0.19785295616822096,0.8586535260989323,0.03558609652723002
857,-2.298027764293004,10.6599190496761,0.8282034364651463,0.47480496156765206,0.7170409977213521
858,-1.9200829294265989,8.247256548185435,0.3470372239332006,0.84065633676472,0.49655722273973013
859,0.24199841300690725,9.237357437933246,1.7930570960060617,0.7296095926589814,0.31415007746042956
860,-0.44869572501497795,10.392354530282397,0.8140180090790603,0.45940751470989716,0.15550514870213408
861,-0.724508478999477,11.209721015129833,-0.06115685632623105,0.9039662107168946,0.0005879085298172634
862,-0.7536032579800266,8.870992156111853,0.45414522490871745,0.4953886127543826,0.8342409177578505
863,-0.3216352010564065,9.147121109529737,-0.31616617692114213,0.11820732690363578,0.45257547666161374
864,2.3944118522299283,10.833090875545803,-1.8094560185909694,0.3137311995603962,0.6387077997895966
865,0.29255946454649084,10.151159046241895,1.6674136893600249,0.24525294878364357,0.10896522714707824
866,-0.2667895770081152,9.842813737933747,1.7667319957978003,0.9858080100121542,2.1426590255406737
867,0.5140653514645731,10.735301976359889,-0.006442323064163907,0.8651642834027552,0.8802172034415856
868,0.8012815344590589,9.70278541501817,-0.6770502245937217,0.23617729305619384,0.3205842806295149
869,0.345822429340545,9.45288924032376,-0.7013667655089268,0.7368811156763526,0.019757876343627846
870,-1.7069646625953705,9.651229458687382,-0.2667576049500139,0.30365875160004996,0.07331115223111588
871,-0.31299915281838364,9.094474424531471,0.02050093397114613,0.7192865711921563,0.4484918499531151
872,-0.018012224175289315,11.432176597369805,-0.8903259677298497,0.01005301093953992,1.9913808338037096
873,0.5382243306271438,9.483835782023608,-0.6512440596903131,0.02056306995114565,4.228009969708349
874,-0.07452301497337677,9.164228892499416,-0.660619260995706,0.43396336537824276,0.8332704073106874
875,-1.6910495560084144,9.99129531582634,2.509028298893233,0.35643298925873856,0.687710815482294
876,-1.8047506752706484,11.637163910818156,1.2791026488144344,0.47235761303973467,0.6079821185085162
877,0.6632051708010561,8.022299592603575,1.7692942775569855,0.5757539707920989,0.1078826494446215
878,-0.5823785248370569,9.942913834670579,-1.5953859462117175,0.8098422012055936,0.06500504333107186
879,0.2795823759546993,8.765354562889584,-1.8995399854036608,0.6083563843745778,0.005770503530865171
880,1.696423930853876,10.725173944031752,0.15283537071136344,0.5902884232342631,1.085878250707775
881,0.36909936691505496,9.99969949905986,-1.0559662392926297,0.7995522665254009,0.4540095194904115
882,1.7526265286505178,9.986465171869952,-1.342076322867064,0.08140921089700326,1.6352764306598613
883,-0.3948375674732254,10.176890982144004,-0.5353990424501186,0.7340166031942104,0.014922739734366797
884,-0.19520011610485813,11.13846958773006,-1.0608403934011408,0.5189107869685146,0.5670493533382697
885,0.46164635094573647,9.283960767293344,-0.4487587680848696,0.9335922725061965,0.27183566819648314
886,0.42816818096533066,9.06910740313891,-1.1823077008111165,0.9223742961659875,0.10318075992745122
887,1.809394963921099,10.332781881878697,-0.13711813350600868,0.6966972407747859,0.580947699112606
888,0.5048413254990605,10.4012584717214,0.8116506486290153,0.8239104877940205,0.2631318036105352
889,-0.2911199633605713,8.602827928625848,-0.08692945212212586,0.8269180159104226,1.1897734437120389
890,-1.7178460798844741,10.390383041549681,-1.3024366326105574,0.20014185923554906,0.48935346332917
891,-1.0684248038485262,9.744925240428227,0.13181427239622323,0.2615056423432661,0.45532075179668674
892,1.0565915234875336,10.039846041044855,-0.423395732851123,0.1924507742393552,0.13816000384835683
893,0.6431686610872186,9.249919575346238,-0.029155045478225443,0.8020251480974571,1.856525680816096
894,0.6627450666936039,11.183866523989861,0.616658899281561,0.7296017513316222,0.17916146269510758
895,0.7745710786799115,9.761738070742865,-0.3240853231486159,0.790817947699866,0.4551162606968347
896,-1.7547447802338065,10.74964687166018,-0.40344077851937304,0.3083946721111731,2.185953330302384
897,0.41502365549466763,10.388533793305335,0.25160666221214134,0.2544283700619523,0.35724233330597654
898,1.1780242474975404,10.54196500193231,-0.04886429368488925,0.1305374808195493,0.15268013566278318
899,-0.2134667235888434,10.68295800963288,-1.4731942409373737,0.15224946798737382,0.204523611540222
900,-0.21547204488967112,11.0571831037096,1.1053313602666448,0.15905780200192177,0.29442339827530445
901,-1.745754057636596,11.54547012996468,-0.4523621373663664,0.3527407872771253,0.3446448876528437
902,1.639884863979912,9.197882489981197,-1.2492231644509388,0.3642034449321583,2.605962949405833
903,-0.5484935217256023,10.03088774142549,0.9352462839247765,0.09216621426678484,0.3185179010223976
904,-0.5635443236445875,8.297313625220404,0.6603356464411277,0.18169502693954032,0.21687183746439342
905,-0.23539720801793204,11.866343584898459,1.2304319428973804,0.973304579792761,0.4963536776474559
906,1.4368188729409777,9.20075741257099,-1.1382491068440854,0.17437189391769825,0.24067080876150476
907,-1.5369882975177451,9.052755312566017,-0.35278792677095805,0.5820273857340325,0.6905468449981386
908,-0.18565204546113914,9.041588665460287,0.830570870307267,0.468279417305703,1.110803373047246
909,-0.5759100843124179,10.901793110927718,-0.24665076964266147,0.3437880743010451,0.02707113544774763
910,1.864989112127219,10.635865560559736,-1.8012857939992462,0.8563105258746857,0.6625898401163076
911,0.06718102480345786,10.087465574583288,2.042222892013319,0.036689211143332234,0.48554785158104674
912,0.05277529885417954,9.64699250627403,0.8779705256307252,0.4346089301379684,2.5937366839447824
913,0.6219198787811653,8.0106800678058,-1.4692048171049967,0.5409847004367894,4.682907909113641
914,1.5009122508724937,9.942233144424616,-0.42065357896500344,0.7687237159557062,0.631337043345586
915,2.116095219560139,10.40839477435047,-0.6173693790871793,0.8365363432426041,0.7046253586545637
916,-0.13021785657404983,9.061165254673567,0.22689711609746485,0.6370136691428702,0.5549190350789002
917,0.30665657280466785,10.56301705170773,-2.0716860200258447,0.20272057307155267,0.6916282645027692
918,-1.3409431565459657,11.553811112460691,0.7333750178650609,0.6674265065070657,2.096566651332183
919,0.7826704311193495,9.738467079521914,-0.1541198091209452,0.33811144695272377,1.228308796555113
920,-0.9659718343636599,10.782051996177918,1.777591367613058,0.8202455504008204,1.133862384796652
921,-1.7609355266082203,8.33264977918819,-0.5397765046971057,0.35060741236266624,0.1142143438432804
922,-0.6170925954885846,10.427853786643755,-1.706067661912042,0.10896248517718665,0.44732911026339356
923,0.47442846654438253,8.240421545980906,-2.072682959203024,0.5242814999311125,0.3028895621579734
924,0.1530787039589492,9.656973257076247,1.6757403023716377,0.2569667981131242,0.1818319697307067
925,2.4525611294039704,9.691419163730874,1.7471559704205675,0.14461688808269424,0.11229399435129156
926,0.8033351501356106,9.34347334925496,-0.26917229362816036,0.37019122396033777,1.7920568972296562
927,-0.854776596472615,9.634515411620676,-0.20880390928010065,0.8135507081701705,0.3618294969226678
928,0.4247857601019283,10.3124262190454,-0.13347443986719687,0.5424732166068506,0.348748578031256
929,-1.2120271768247244,9.829069380339817,-1.2845404567048975,0.4496963710218167,0.10910287654797783
930,-0.4747358570649656,9.354852441670472,0.43049973718847934,0.8496281585690139,0.3555579655569523
931,-0.04986877590001222,10.572766316384815,2.0718373807017403,0.7030061214083804,0.41594217827931096
932,0.9366422891579872,8.584604941819325,-1.6221424388489378,0.4124859982844715,0.9873076312769606
933,-0.4230328902128653,8.859577203495448,-1.292470085908771,0.6235578115370412,0.5118175698271704
934,-0.8848506549853764,10.806192106847611,-0.30942726688144045,0.4128947402841838,1.1762957554179152
935,-0.5002611695381293,10.461356096658523,0.49218050102418254,0.07419510244098926,1.755797597944994
936,-0.3763682262719506,10.484250169940921,-1.8577147224829564,0.078885537948307,0.06226582692121909
937,0.1572981132661459,9.07052947917683,0.9433784388095905,0.18123779221290104,0.1371436040679511
938,-0.8601459695028308,12.026914653509959,-0.6838342454436257,0.9613423364985929,0.10087388607522864
939,-1.760285152474775,8.909071853993812,0.424324790225682,0.622971467055669,0.34364646275025973
940,-0.03870456830505193,9.842376789188659,0.6451750630892874,0.38669018146390566,0.21442819393923734
941,0.23289371592074268,10.982471999905833,1.5633834326841813,0.7564774125454907,1.0968205415351024
942,-0.34967759889278344,11.889280638965719,-2.169172007443404,0.1562726849084135,0.266417650961115
943,-0.38267607513766727,8.340853529341103,-0.48797544908075374,0.8223098403465314,1.0297194333687076
944,0.7421909447370858,11.337062114234227,0.3292742592401442,0.26712772167333054,0.5557911847659421
945,0.6827043485574966,8.949779969724327,-0.6083547615436508,0.39542083405348283,0.27000123882706134
946,0.0744516184522575,9.978012231633796,-0.9051217445773713,0.44658451259718646,1.1429572764090763
947,-1.4188449703390096,10.952626839825786,1.9237812683547033,0.7801445989978096,0.01200636082357496
948,0.8654504001241445,9.28450229658407,1.112679213320773,0.11767099604728604,1.4024175688675529
949,0.8002451708842079,11.033570025937184,-0.348038249796805,0.2558327866182978,0.7595373339917444
950,0.8681311359812446,8.387668066951708,0.2883044808607821,0.9712737076638762,0.024427520381092475
951,-0.387205428251528,9.077255466410449,0.34694537831194117,0.7144730864957319,0.41305252633721634
952,-0.18903972740806266,9.696719258744485,-1.1562927554005717,0.03222653144620391,4.353931892196308
953,-0.03131325596565702,9.47956959147159,1.6158514580632217,0.7568526528663619,1.0039416007365396
954,0.5549753219085223,8.841686232504111,1.0904513734643457,0.054954904868923404,2.2955576406097316
955,0.8838630526182789,9.964330063000078,0.4690131434537022,0.9279432891720891,0.31338709860397573
956,-1.118311014416432,9.319453671894816,-0.25667649318048197,0.10296416406264186,1.0442653737742398
957,-0.15819873461418713,9.223471604091403,0.3374262839542406,0.26789771712979926,0.3089052401500363
958,1.4305132046948805,11.07151124884429,2.019049766705334,0.1442060928772969,2.983533040551771
959,-1.254192034345085,10.115725915439983,0.06937430188454782,0.46563045537085035,0.6009335896958584
960,-0.7020162201415924,10.345659687701634,0.9621371756658408,0.9477491671738858,1.4223959415132026
961,-1.5769377771287414,9.313744744077962,1.2163856669636484,0.873301552298018,1.7225219373976044
962,-0.12382117136029026,9.854620071650661,-0.12667667856153678,0.6606340348453998,0.38747661792801386
963,-0.4025214753527652,10.186811995399456,-3.034758350366363,0.06439678003331872,0.528307333609818
964,0.7787319971678305,11.177261705985496,0.07008563570195266,0.2415840539005123,2.217979492225329
965,-1.1874483033527232,10.202593875075996,0.5382603242413266,0.6702792753959718,1.3862937613672475
966,-0.6461391738294809,9.98732726431314,-0.7415701619612903,0.8281364786552013,1.1710783472210322
967,0.8956903969801685,11.343472290122229,-0.049635735475337645,0.8208294026560211,0.10615129885733098
968,-0.13055723607621592,11.17376805611943,-0.021423297966053877,0.44061102315418876,0.6617194730718636
969,-1.3726374804937382,8.765005816925017,0.7350698082247785,0.31716840510147315,0.9140773509530169
970,-0.12127845333916983,10.215713929711304,2.5214404943689703,0.9155195920552892,0.18136827357658888
971,0.25756443861527517,11.586665358963737,-1.6018471927845959,0.9338340664087845,0.3308355351606908
972,-0.9381544890975105,9.798655510323357,-1.3306798971837397,0.9756180404151277,0.9660572764843847
973,-1.5549801655922937,10.16367039453109,-0.37629882901848516,0.9504573178698928,1.5742303140486753
974,-1.1571242929229728,10.23668378767932,-0.9832418268298808,0.32973926141435195,3.056913156370279
975,0.4483379076577191,9.036744329357605,1.7279145977366666,0.5838975926835404,1.1734182370896395
976,0.042822182912793126,10.24538100300966,0.42510728241253787,0.5153004402242313,0.3084707346513128
977,-0.17287932403671824,9.167625076255835,0.6962377480972677,0.9776988092954515,0.10442196581160063
978,0.32507115621004984,8.489238389690403,1.3129384511837776,0.7314157053069003,0.5367469159405099
979,-2.091113487304238,9.053424394202539,0.7558464242452034,0.5779547905280598,0.18319436103185888
980,1.815976549033117,8.955869008307502,-1.2281408695477294,0.6568633479225613,1.3434057000767992
981,1.024201807416662,11.242726005280867,-0.3505729111668605,0.9130824743310909,0.4021043200962705
982,-0.6010431595844893,8.917517333230139,-0.060280299252530825,0.2980141997732496,0.13567533727492392
983,0.08087479862263408,8.874483602121302,-0.22697235275067917,0.7281811237715435,0.8178682915013387
984,-1.4646799444277563,11.100409834724495,-1.229764686739609,0.16750317242857038,2.135067695805791
985,0.7439929829794879,8.815840270944793,0.0011938163967407703,0.1866426370185087,1.3669466764641798
986,-0.48003231051428885,9.506816889468729,-1.3529611225163052,0.22757203327942455,0.0678912193182793
987,-0.8967785506849874,8.024102048357022,-0.409898866478023,0.41302243354545665,1.2199549598615085
988,0.2748865297391094,10.805374239152684,1.0975013388306234,0.1667413899563579,1.7371372708821489
989,-0.5805991664978458,9.758462310413337,0.36936216578852626,0.7020766490531135,3.0694566466834736
990,-0.903959447672313,10.521221379426951,-0.3325078486367802,0.7853941733364348,0.46140404214366937
991,-1.0250648446267785,10.498371981500366,0.06693369894783639,0.559131887203245,1.7901985877484696
992,-1.114159123655618,9.03185948820324,1.159519949425542,0.46072786110324426,0.37325749968029037
993,0.3544691829931034,10.934907329282602,1.580805103107461,0.2803978136637044,0.18494134953497612
994,-1.139598416115805,9.233938095276212,1.5836937260592043,0.7459286194772567,0.2570317183227724
995,2.3908770164094006,9.021005029148547,1.6607730284440783,0.7873998653806564,0.5670411860831243
996,-1.025593119838713,9.877964448611324,0.35689851608740447,0.4718339145577255,0.9528317419586991
997,0.0860616366643404,10.975474204917774,0.8281677892118847,0.5338916120786639,0.17124154466245908
998,2.0478985356397628,9.81483442200843,-0.7895010250451094,0.8953812026381351,0.4828525853553505
999,-0.22251261313976273,9.885747048527156,0.6705078213710862,0.75365747272711,0.1581601645934715
